REGION	POS	REF	ALT	REF_DP	REF_RV	REF_QUAL	ALT_DP	ALT_RV	ALT_QUAL	ALT_FREQ	TOTAL_DP	PVAL	PASS	GFF_FEATURE	REF_CODON	REF_AA	ALT_CODON	ALT_AA	POS_AA
MN908947.3	10	T	A	2	2	37	1	0	37	0.333333	3	0.6	FALSE	NA	NA	NA	NA	NA	NA
MN908947.3	13	T	A	2	2	37	1	0	37	0.333333	3	0.6	FALSE	NA	NA	NA	NA	NA	NA
MN908947.3	21	C	T	6	3	37	1	1	37	0.142857	7	0.538462	FALSE	NA	NA	NA	NA	NA	NA
MN908947.3	34	A	T	60	8	37	3	0	37	0.047619	63	0.124976	FALSE	NA	NA	NA	NA	NA	NA
MN908947.3	75	C	T	74	7	39	1	0	37	0.0133333	75	0.503356	FALSE	NA	NA	NA	NA	NA	NA
MN908947.3	76	T	C	37	5	40	1	0	37	0.0263158	38	0.506667	FALSE	NA	NA	NA	NA	NA	NA
MN908947.3	210	G	T	10	7	35	40	26	39	0.8	50	1.24547e-18	TRUE	NA	NA	NA	NA	NA	NA
MN908947.3	241	C	T	0	0	0	42	23	37	1	42	1.19125e-24	TRUE	NA	NA	NA	NA	NA	NA
MN908947.3	261	G	T	52	26	39	3	0	33	0.0545455	55	0.124968	FALSE	NA	NA	NA	NA	NA	NA
MN908947.3	359	G	C	71	51	38	1	0	37	0.0138889	72	0.503497	FALSE	NA	NA	NA	NA	NA	NA
MN908947.3	405	A	C	77	39	38	2	0	37	0.0253165	79	0.251592	FALSE	NA	NA	NA	NA	NA	NA
MN908947.3	458	G	C	86	61	37	1	0	37	0.0114943	87	0.50289	FALSE	NA	NA	NA	NA	NA	NA
MN908947.3	459	A	T	87	61	37	1	0	37	0.0113636	88	0.502857	FALSE	NA	NA	NA	NA	NA	NA
MN908947.3	509	G	-GTCATGTTATGGTT	92	46	38	1	0	20	0.0108696	92	0.505435	FALSE	NA	NA	NA	NA	NA	NA
MN908947.3	512	C	-ATG	91	43	38	1	0	20	0.0108696	92	0.502732	FALSE	NA	NA	NA	NA	NA	NA
MN908947.3	515	G	-TTA	95	45	38	1	0	20	0.0103093	97	0.5	FALSE	NA	NA	NA	NA	NA	NA
MN908947.3	518	A	G	96	45	38	1	1	37	0.0103093	97	0.497436	FALSE	NA	NA	NA	NA	NA	NA
MN908947.3	614	G	T	85	41	38	2	0	37	0.0229885	87	0.251445	FALSE	NA	NA	NA	NA	NA	NA
MN908947.3	617	T	C	86	41	38	3	1	49	0.0337079	89	0.124988	FALSE	NA	NA	NA	NA	NA	NA
MN908947.3	621	G	A	106	41	38	2	0	37	0.0185185	108	0.251163	FALSE	NA	NA	NA	NA	NA	NA
MN908947.3	635	C	G	83	29	38	1	0	25	0.0119048	84	0.502994	FALSE	NA	NA	NA	NA	NA	NA
MN908947.3	650	A	T	102	45	38	1	1	25	0.00970874	103	0.753659	FALSE	NA	NA	NA	NA	NA	NA
MN908947.3	661	T	C	103	47	38	1	0	37	0.00961538	104	0.502415	FALSE	NA	NA	NA	NA	NA	NA
MN908947.3	661	T	-G	103	47	38	1	0	20	0.00961538	104	0.753623	FALSE	NA	NA	NA	NA	NA	NA
MN908947.3	667	T	G	107	50	38	1	0	37	0.00925926	108	0.502326	FALSE	NA	NA	NA	NA	NA	NA
MN908947.3	672	A	-CGG	108	48	38	1	0	20	0.00925926	108	0.755771	FALSE	NA	NA	NA	NA	NA	NA
MN908947.3	691	A	G	81	46	37	1	1	37	0.0121951	82	0.503067	FALSE	NA	NA	NA	NA	NA	NA
MN908947.3	709	G	A	68	40	34	22	17	37	0.244444	90	6.29595e-08	TRUE	NA	NA	NA	NA	NA	NA
MN908947.3	740	G	-A	76	42	37	1	0	20	0.0131579	76	0.506579	FALSE	NA	NA	NA	NA	NA	NA
MN908947.3	750	A	G	86	56	38	1	1	37	0.0114943	87	0.50289	FALSE	NA	NA	NA	NA	NA	NA
MN908947.3	810	A	G	156	98	38	1	0	37	0.00636943	157	0.501597	FALSE	NA	NA	NA	NA	NA	NA
MN908947.3	823	C	T	159	85	39	3	0	37	0.0185185	162	0.124996	FALSE	NA	NA	NA	NA	NA	NA
MN908947.3	850	C	T	138	74	41	1	0	37	0.00719424	139	0.501805	FALSE	NA	NA	NA	NA	NA	NA
MN908947.3	887	G	C	81	64	39	1	1	37	0.0121951	82	0.503067	FALSE	NA	NA	NA	NA	NA	NA
MN908947.3	942	G	A	90	71	37	1	0	37	0.010989	91	0.502762	FALSE	NA	NA	NA	NA	NA	NA
MN908947.3	945	G	T	111	79	37	5	0	37	0.0431034	116	0.0305648	FALSE	NA	NA	NA	NA	NA	NA
MN908947.3	971	C	-ATG	86	50	38	1	0	20	0.0116279	86	0.505814	FALSE	NA	NA	NA	NA	NA	NA
MN908947.3	993	A	C	90	49	38	3	0	37	0.0322581	93	0.124989	FALSE	NA	NA	NA	NA	NA	NA
MN908947.3	994	A	T	88	45	38	1	0	37	0.011236	89	0.502825	FALSE	NA	NA	NA	NA	NA	NA
MN908947.3	1001	G	-A	94	49	40	1	0	20	0.0106383	94	0.505319	FALSE	NA	NA	NA	NA	NA	NA
MN908947.3	1166	C	T	71	36	39	1	0	37	0.0138889	72	0.503497	FALSE	NA	NA	NA	NA	NA	NA
MN908947.3	1190	C	A	76	44	39	1	1	37	0.012987	77	0.503268	FALSE	NA	NA	NA	NA	NA	NA
MN908947.3	1258	G	A	57	30	38	4	0	37	0.0655738	61	0.0614279	FALSE	NA	NA	NA	NA	NA	NA
MN908947.3	1269	A	-T	60	35	40	1	0	20	0.0166667	60	0.508333	FALSE	NA	NA	NA	NA	NA	NA
MN908947.3	1287	G	C	54	34	41	1	0	37	0.0181818	55	0.504587	FALSE	NA	NA	NA	NA	NA	NA
MN908947.3	1290	A	G	54	35	40	1	0	37	0.0181818	55	0.504587	FALSE	NA	NA	NA	NA	NA	NA
MN908947.3	1326	C	T	55	33	40	1	0	37	0.0178571	56	0.504505	FALSE	NA	NA	NA	NA	NA	NA
MN908947.3	1383	G	T	53	30	39	4	0	37	0.0701754	57	0.061349	FALSE	NA	NA	NA	NA	NA	NA
MN908947.3	1389	A	C	54	28	39	1	0	37	0.0181818	55	0.504587	FALSE	NA	NA	NA	NA	NA	NA
MN908947.3	1393	A	G	57	31	39	1	0	37	0.0172414	58	0.504348	FALSE	NA	NA	NA	NA	NA	NA
MN908947.3	1394	G	T	56	31	40	1	0	37	0.0172414	58	0.5	FALSE	NA	NA	NA	NA	NA	NA
MN908947.3	1394	G	C	56	31	40	1	0	37	0.0172414	58	0.5	FALSE	NA	NA	NA	NA	NA	NA
MN908947.3	1407	A	C	57	22	38	1	1	37	0.0172414	58	0.504348	FALSE	NA	NA	NA	NA	NA	NA
MN908947.3	1458	G	A	80	50	37	1	0	37	0.0123457	81	0.503106	FALSE	NA	NA	NA	NA	NA	NA
MN908947.3	1559	G	A	76	49	36	3	0	37	0.0379747	79	0.124985	FALSE	NA	NA	NA	NA	NA	NA
MN908947.3	1565	A	G	68	37	37	1	1	37	0.0144928	69	0.50365	FALSE	NA	NA	NA	NA	NA	NA
MN908947.3	1570	T	C	70	36	37	3	0	37	0.0410959	73	0.124982	FALSE	NA	NA	NA	NA	NA	NA
MN908947.3	1577	G	A	24	8	37	51	23	36	0.68	75	9.89629e-22	TRUE	NA	NA	NA	NA	NA	NA
MN908947.3	1624	A	T	80	39	37	1	0	37	0.0123457	81	0.503106	FALSE	NA	NA	NA	NA	NA	NA
MN908947.3	1631	A	C	69	33	36	18	1	37	0.206897	87	1.59742e-06	TRUE	NA	NA	NA	NA	NA	NA
MN908947.3	1644	A	C	81	32	36	2	0	37	0.0240964	83	0.251515	FALSE	NA	NA	NA	NA	NA	NA
MN908947.3	1647	T	A	86	33	37	2	0	37	0.0227273	88	0.251429	FALSE	NA	NA	NA	NA	NA	NA
MN908947.3	1656	T	A	71	19	36	2	0	37	0.0273973	73	0.251724	FALSE	NA	NA	NA	NA	NA	NA
MN908947.3	1659	G	T	68	19	37	2	0	37	0.0285714	70	0.251799	FALSE	NA	NA	NA	NA	NA	NA
MN908947.3	1667	A	C	63	18	35	1	0	37	0.015625	64	0.503937	FALSE	NA	NA	NA	NA	NA	NA
MN908947.3	1779	C	G	54	35	36	2	0	37	0.0357143	56	0.252252	FALSE	NA	NA	NA	NA	NA	NA
MN908947.3	1782	G	T	57	37	37	1	0	37	0.0172414	58	0.504348	FALSE	NA	NA	NA	NA	NA	NA
MN908947.3	1813	T	-A	78	48	36	1	0	20	0.0128205	78	0.50641	FALSE	NA	NA	NA	NA	NA	NA
MN908947.3	1813	T	+A	78	48	36	1	0	20	0.0128205	78	0.50641	FALSE	NA	NA	NA	NA	NA	NA
MN908947.3	1821	G	A	80	48	37	3	0	37	0.0361446	83	0.124986	FALSE	NA	NA	NA	NA	NA	NA
MN908947.3	1846	A	C	100	54	37	1	1	25	0.00990099	101	0.753731	FALSE	NA	NA	NA	NA	NA	NA
MN908947.3	1853	C	T	111	72	40	1	1	37	0.00892857	112	0.502242	FALSE	NA	NA	NA	NA	NA	NA
MN908947.3	1883	G	A	95	65	41	1	1	37	0.0104167	96	0.502618	FALSE	NA	NA	NA	NA	NA	NA
MN908947.3	1897	A	C	93	67	38	1	1	25	0.0106383	94	0.502674	FALSE	NA	NA	NA	NA	NA	NA
MN908947.3	1904	A	-T	84	62	39	1	0	20	0.0119048	84	0.505952	FALSE	NA	NA	NA	NA	NA	NA
MN908947.3	1916	A	C	77	62	39	1	1	25	0.0128205	78	0.503226	FALSE	NA	NA	NA	NA	NA	NA
MN908947.3	2064	A	T	45	27	37	1	0	37	0.0217391	46	0.505495	FALSE	NA	NA	NA	NA	NA	NA
MN908947.3	2117	G	A	49	22	41	1	0	37	0.02	50	0.505051	FALSE	NA	NA	NA	NA	NA	NA
MN908947.3	2155	G	C	40	25	37	1	1	37	0.0243902	41	0.506173	FALSE	NA	NA	NA	NA	NA	NA
MN908947.3	2255	A	T	36	28	37	1	0	25	0.027027	37	0.506849	FALSE	NA	NA	NA	NA	NA	NA
MN908947.3	2269	A	C	36	26	39	1	0	37	0.027027	37	0.506849	FALSE	NA	NA	NA	NA	NA	NA
MN908947.3	2277	T	A	44	30	38	1	1	25	0.0222222	45	0.505618	FALSE	NA	NA	NA	NA	NA	NA
MN908947.3	2279	A	T	44	31	38	1	0	37	0.0222222	45	0.505618	FALSE	NA	NA	NA	NA	NA	NA
MN908947.3	2330	T	A	42	27	38	1	1	37	0.0232558	43	0.505882	FALSE	NA	NA	NA	NA	NA	NA
MN908947.3	2354	G	T	42	35	37	1	0	37	0.0232558	43	0.505882	FALSE	NA	NA	NA	NA	NA	NA
MN908947.3	2358	C	A	41	36	37	1	0	37	0.0238095	42	0.506024	FALSE	NA	NA	NA	NA	NA	NA
MN908947.3	2363	C	T	45	38	37	2	0	37	0.0425532	47	0.252688	FALSE	NA	NA	NA	NA	NA	NA
MN908947.3	2402	T	A	54	40	37	2	0	37	0.0357143	56	0.252252	FALSE	NA	NA	NA	NA	NA	NA
MN908947.3	2435	A	C	47	19	39	2	0	31	0.0408163	49	0.252577	FALSE	NA	NA	NA	NA	NA	NA
MN908947.3	2439	A	G	46	18	39	1	0	37	0.0212766	47	0.505376	FALSE	NA	NA	NA	NA	NA	NA
MN908947.3	2521	A	T	46	15	34	2	0	37	0.0416667	48	0.252632	FALSE	NA	NA	NA	NA	NA	NA
MN908947.3	2539	G	A	56	18	37	1	0	37	0.0175439	57	0.504425	FALSE	NA	NA	NA	NA	NA	NA
MN908947.3	2606	A	G	59	40	38	1	1	37	0.0166667	60	0.504202	FALSE	NA	NA	NA	NA	NA	NA
MN908947.3	2677	T	C	33	19	36	1	1	37	0.0294118	34	0.507463	FALSE	NA	NA	NA	NA	NA	NA
MN908947.3	2702	T	A	25	17	37	1	0	37	0.0384615	26	0.509804	FALSE	NA	NA	NA	NA	NA	NA
MN908947.3	2728	A	C	47	22	36	2	0	37	0.0408163	49	0.252577	FALSE	NA	NA	NA	NA	NA	NA
MN908947.3	2729	A	T	48	22	36	1	0	37	0.0204082	49	0.505155	FALSE	NA	NA	NA	NA	NA	NA
MN908947.3	2731	G	T	48	22	37	1	0	37	0.0204082	49	0.505155	FALSE	NA	NA	NA	NA	NA	NA
MN908947.3	2745	A	G	50	20	37	1	0	37	0.0192308	52	0.5	FALSE	NA	NA	NA	NA	NA	NA
MN908947.3	2745	A	C	50	20	37	1	0	37	0.0192308	52	0.5	FALSE	NA	NA	NA	NA	NA	NA
MN908947.3	2791	T	C	55	24	37	1	0	37	0.0178571	56	0.504505	FALSE	NA	NA	NA	NA	NA	NA
MN908947.3	2832	A	G	48	27	38	11	10	37	0.186441	59	0.000322569	TRUE	NA	NA	NA	NA	NA	NA
MN908947.3	2966	A	T	68	31	38	1	0	37	0.0144928	69	0.50365	FALSE	NA	NA	NA	NA	NA	NA
MN908947.3	3037	C	T	0	0	0	63	39	37	1	63	3.31404e-37	TRUE	NA	NA	NA	NA	NA	NA
MN908947.3	3078	A	C	79	42	37	11	0	37	0.122222	90	0.000375877	TRUE	NA	NA	NA	NA	NA	NA
MN908947.3	3085	G	+T	88	39	37	1	0	20	0.0113636	88	0.505682	FALSE	NA	NA	NA	NA	NA	NA
MN908947.3	3190	A	C	59	29	36	1	0	37	0.0166667	60	0.504202	FALSE	NA	NA	NA	NA	NA	NA
MN908947.3	3232	T	-CAA	115	38	39	1	0	20	0.00869565	115	0.755421	FALSE	NA	NA	NA	NA	NA	NA
MN908947.3	3241	C	T	127	39	39	1	0	37	0.0078125	128	0.501961	FALSE	NA	NA	NA	NA	NA	NA
MN908947.3	3257	C	A	149	43	38	1	0	37	0.00666667	150	0.501672	FALSE	NA	NA	NA	NA	NA	NA
MN908947.3	3326	C	T	85	51	36	6	0	37	0.0659341	91	0.014841	FALSE	NA	NA	NA	NA	NA	NA
MN908947.3	3328	G	A	91	50	37	1	1	37	0.0108696	92	0.502732	FALSE	NA	NA	NA	NA	NA	NA
MN908947.3	3426	C	T	138	59	37	1	0	37	0.00719424	139	0.501805	FALSE	NA	NA	NA	NA	NA	NA
MN908947.3	3431	G	C	137	58	38	1	0	37	0.00724638	138	0.501818	FALSE	NA	NA	NA	NA	NA	NA
MN908947.3	3467	G	T	125	62	38	4	0	46	0.0310078	129	0.062005	FALSE	NA	NA	NA	NA	NA	NA
MN908947.3	3481	A	G	143	90	38	1	1	37	0.00694444	144	0.501742	FALSE	NA	NA	NA	NA	NA	NA
MN908947.3	3493	T	C	146	101	38	1	1	37	0.00680272	147	0.501706	FALSE	NA	NA	NA	NA	NA	NA
MN908947.3	3500	A	C	132	96	35	4	0	37	0.0294118	136	0.062031	FALSE	NA	NA	NA	NA	NA	NA
MN908947.3	3503	A	G	144	101	36	1	0	37	0.00689655	145	0.50173	FALSE	NA	NA	NA	NA	NA	NA
MN908947.3	3525	C	-TGA	135	93	40	2	0	20	0.0148148	135	0.508333	FALSE	NA	NA	NA	NA	NA	NA
MN908947.3	3545	A	-ATG	165	133	39	1	0	20	0.00606061	165	0.753781	FALSE	NA	NA	NA	NA	NA	NA
MN908947.3	3559	A	G	138	112	39	1	1	37	0.00719424	139	0.501805	FALSE	NA	NA	NA	NA	NA	NA
MN908947.3	3564	G	C	121	97	39	1	1	37	0.00819672	122	0.502058	FALSE	NA	NA	NA	NA	NA	NA
MN908947.3	3583	C	G	101	89	38	1	1	37	0.00980392	102	0.502463	FALSE	NA	NA	NA	NA	NA	NA
MN908947.3	3589	C	-AAT	103	91	38	1	0	20	0.00970874	103	0.75605	FALSE	NA	NA	NA	NA	NA	NA
MN908947.3	3689	G	T	41	33	37	1	0	37	0.0238095	42	0.506024	FALSE	NA	NA	NA	NA	NA	NA
MN908947.3	3761	G	A	18	9	39	3	0	37	0.142857	21	0.124765	FALSE	NA	NA	NA	NA	NA	NA
MN908947.3	3844	G	T	30	24	37	1	1	37	0.0322581	31	0.508197	FALSE	NA	NA	NA	NA	NA	NA
MN908947.3	3915	A	T	26	14	37	1	1	37	0.037037	27	0.509434	FALSE	NA	NA	NA	NA	NA	NA
MN908947.3	3932	G	A	30	12	38	3	0	37	0.0909091	33	0.124908	FALSE	NA	NA	NA	NA	NA	NA
MN908947.3	4018	A	G	41	26	37	1	1	37	0.0238095	42	0.506024	FALSE	NA	NA	NA	NA	NA	NA
MN908947.3	4124	G	C	48	33	37	1	1	37	0.0204082	49	0.505155	FALSE	NA	NA	NA	NA	NA	NA
MN908947.3	4181	G	T	10	5	44	25	11	38	0.714286	35	4.42346e-11	TRUE	NA	NA	NA	NA	NA	NA
MN908947.3	4185	G	C	36	18	40	1	0	37	0.027027	37	0.506849	FALSE	NA	NA	NA	NA	NA	NA
MN908947.3	4222	A	G	64	43	39	1	1	37	0.0153846	65	0.503876	FALSE	NA	NA	NA	NA	NA	NA
MN908947.3	4229	A	C	58	38	42	2	0	55	0.0333333	60	0.252101	FALSE	NA	NA	NA	NA	NA	NA
MN908947.3	4276	C	T	73	31	40	2	1	37	0.0266667	75	0.251678	FALSE	NA	NA	NA	NA	NA	NA
MN908947.3	4319	G	C	47	12	38	1	1	37	0.0208333	48	0.505263	FALSE	NA	NA	NA	NA	NA	NA
MN908947.3	4329	T	C	49	15	38	4	0	37	0.0754717	53	0.0612575	FALSE	NA	NA	NA	NA	NA	NA
MN908947.3	4338	C	T	58	19	39	6	0	37	0.09375	64	0.0145036	FALSE	NA	NA	NA	NA	NA	NA
MN908947.3	4358	C	T	60	23	38	1	0	37	0.0163934	61	0.504132	FALSE	NA	NA	NA	NA	NA	NA
MN908947.3	4429	A	C	63	47	37	2	0	37	0.0307692	65	0.251938	FALSE	NA	NA	NA	NA	NA	NA
MN908947.3	4465	A	C	84	47	38	2	0	37	0.0232558	86	0.251462	FALSE	NA	NA	NA	NA	NA	NA
MN908947.3	4480	A	C	74	28	37	2	0	37	0.0263158	76	0.251656	FALSE	NA	NA	NA	NA	NA	NA
MN908947.3	4481	T	C	76	30	37	1	0	37	0.012987	77	0.503268	FALSE	NA	NA	NA	NA	NA	NA
MN908947.3	4524	C	T	73	31	38	1	1	37	0.0135135	74	0.503401	FALSE	NA	NA	NA	NA	NA	NA
MN908947.3	4567	T	G	61	36	38	1	0	37	0.016129	62	0.504065	FALSE	NA	NA	NA	NA	NA	NA
MN908947.3	4620	A	T	73	40	37	1	0	37	0.0135135	74	0.503401	FALSE	NA	NA	NA	NA	NA	NA
MN908947.3	4642	G	A	62	33	37	3	0	37	0.0461538	65	0.124977	FALSE	NA	NA	NA	NA	NA	NA
MN908947.3	4669	T	C	80	39	38	1	0	37	0.0123457	81	0.503106	FALSE	NA	NA	NA	NA	NA	NA
MN908947.3	4683	C	T	83	41	38	1	0	37	0.0119048	84	0.502994	FALSE	NA	NA	NA	NA	NA	NA
MN908947.3	4747	T	C	37	21	36	2	1	37	0.0512821	39	0.253247	FALSE	NA	NA	NA	NA	NA	NA
MN908947.3	4780	C	T	49	30	36	3	0	37	0.0576923	52	0.124964	FALSE	NA	NA	NA	NA	NA	NA
MN908947.3	4794	C	T	46	36	36	1	0	37	0.0212766	47	0.505376	FALSE	NA	NA	NA	NA	NA	NA
MN908947.3	4796	T	A	44	34	36	1	0	37	0.0222222	45	0.505618	FALSE	NA	NA	NA	NA	NA	NA
MN908947.3	4819	A	C	68	51	36	1	1	37	0.0144928	69	0.50365	FALSE	NA	NA	NA	NA	NA	NA
MN908947.3	4828	A	C	69	50	37	1	1	37	0.0142857	70	0.503597	FALSE	NA	NA	NA	NA	NA	NA
MN908947.3	4905	A	T	55	21	38	1	0	37	0.0178571	56	0.504505	FALSE	NA	NA	NA	NA	NA	NA
MN908947.3	4913	G	T	65	29	37	1	0	37	0.0151515	66	0.503817	FALSE	NA	NA	NA	NA	NA	NA
MN908947.3	4934	A	T	85	44	37	2	0	37	0.0229885	87	0.251445	FALSE	NA	NA	NA	NA	NA	NA
MN908947.3	4961	A	T	83	46	37	2	0	37	0.0235294	85	0.251479	FALSE	NA	NA	NA	NA	NA	NA
MN908947.3	4993	C	T	125	35	37	1	1	37	0.00793651	126	0.501992	FALSE	NA	NA	NA	NA	NA	NA
MN908947.3	5052	C	-A	104	33	37	1	0	20	0.00961538	104	0.755992	FALSE	NA	NA	NA	NA	NA	NA
MN908947.3	5078	A	G	111	51	38	2	0	37	0.0176991	113	0.251111	FALSE	NA	NA	NA	NA	NA	NA
MN908947.3	5134	T	G	129	97	38	1	0	37	0.00769231	130	0.501931	FALSE	NA	NA	NA	NA	NA	NA
MN908947.3	5144	C	T	131	107	37	1	1	37	0.00757576	132	0.501901	FALSE	NA	NA	NA	NA	NA	NA
MN908947.3	5170	C	-CA	124	84	38	1	0	20	0.00806452	124	0.755028	FALSE	NA	NA	NA	NA	NA	NA
MN908947.3	5198	A	-G	93	57	38	2	0	20	0.0215054	93	0.256742	FALSE	NA	NA	NA	NA	NA	NA
MN908947.3	5210	G	T	73	39	39	1	0	37	0.0135135	74	0.503401	FALSE	NA	NA	NA	NA	NA	NA
MN908947.3	5231	T	-G	82	46	40	1	0	20	0.0121951	82	0.506098	FALSE	NA	NA	NA	NA	NA	NA
MN908947.3	5239	C	T	84	50	41	1	1	37	0.0117647	85	0.502959	FALSE	NA	NA	NA	NA	NA	NA
MN908947.3	5292	T	C	67	42	39	1	0	37	0.0147059	68	0.503704	FALSE	NA	NA	NA	NA	NA	NA
MN908947.3	5339	C	T	60	35	37	1	1	37	0.0163934	61	0.504132	FALSE	NA	NA	NA	NA	NA	NA
MN908947.3	5372	A	G	63	41	37	3	0	37	0.0454545	66	0.124978	FALSE	NA	NA	NA	NA	NA	NA
MN908947.3	5386	T	G	41	23	37	15	10	37	0.267857	56	1.19556e-05	TRUE	NA	NA	NA	NA	NA	NA
MN908947.3	5426	A	C	53	20	37	7	0	37	0.116667	60	0.0068944	TRUE	NA	NA	NA	NA	NA	NA
MN908947.3	5494	T	G	70	35	41	1	0	37	0.0140845	71	0.503546	FALSE	NA	NA	NA	NA	NA	NA
MN908947.3	5499	A	C	70	38	41	1	0	37	0.0140845	71	0.503546	FALSE	NA	NA	NA	NA	NA	NA
MN908947.3	5513	G	T	58	41	38	1	1	37	0.0169492	59	0.504274	FALSE	NA	NA	NA	NA	NA	NA
MN908947.3	5570	A	G	92	37	35	11	0	37	0.106796	103	0.000389282	TRUE	NA	NA	NA	NA	NA	NA
MN908947.3	5618	A	G	111	65	37	1	0	37	0.00892857	112	0.502242	FALSE	NA	NA	NA	NA	NA	NA
MN908947.3	5629	G	A	98	60	38	1	0	37	0.010101	99	0.502538	FALSE	NA	NA	NA	NA	NA	NA
MN908947.3	5649	A	G	86	69	37	1	0	37	0.0114943	87	0.50289	FALSE	NA	NA	NA	NA	NA	NA
MN908947.3	5650	A	G	85	68	37	1	0	37	0.0116279	86	0.502924	FALSE	NA	NA	NA	NA	NA	NA
MN908947.3	5684	A	C	106	60	38	1	1	25	0.00934579	107	0.753521	FALSE	NA	NA	NA	NA	NA	NA
MN908947.3	5696	C	T	114	61	39	1	0	37	0.00869565	115	0.502183	FALSE	NA	NA	NA	NA	NA	NA
MN908947.3	5743	G	C	96	51	38	3	0	37	0.030303	99	0.12499	FALSE	NA	NA	NA	NA	NA	NA
MN908947.3	5744	T	C	96	52	35	3	0	37	0.030303	99	0.12499	FALSE	NA	NA	NA	NA	NA	NA
MN908947.3	5765	G	A	72	33	35	57	0	36	0.44186	129	2.90613e-21	TRUE	NA	NA	NA	NA	NA	NA
MN908947.3	5766	G	C	79	41	38	57	0	37	0.419118	136	4.88813e-21	TRUE	NA	NA	NA	NA	NA	NA
MN908947.3	5772	A	-T	147	49	36	1	0	20	0.00680272	147	0.754243	FALSE	NA	NA	NA	NA	NA	NA
MN908947.3	5774	A	G	148	51	38	1	0	37	0.00671141	149	0.501684	FALSE	NA	NA	NA	NA	NA	NA
MN908947.3	5775	A	C	149	51	38	1	0	37	0.00666667	150	0.501672	FALSE	NA	NA	NA	NA	NA	NA
MN908947.3	5779	T	C	140	43	38	1	1	37	0.0070922	141	0.501779	FALSE	NA	NA	NA	NA	NA	NA
MN908947.3	5842	C	-A	114	69	39	1	0	20	0.00877193	114	0.755468	FALSE	NA	NA	NA	NA	NA	NA
MN908947.3	5847	G	T	99	61	37	2	0	37	0.019802	101	0.251244	FALSE	NA	NA	NA	NA	NA	NA
MN908947.3	5864	T	C	110	73	38	1	0	37	0.00900901	111	0.502262	FALSE	NA	NA	NA	NA	NA	NA
MN908947.3	5922	G	T	103	81	37	1	1	62	0.00961538	104	0.502415	FALSE	NA	NA	NA	NA	NA	NA
MN908947.3	5924	G	A	83	64	37	18	14	36	0.178218	101	1.82519e-06	TRUE	NA	NA	NA	NA	NA	NA
MN908947.3	5962	T	C	86	67	38	1	1	22	0.0114943	87	0.50289	FALSE	NA	NA	NA	NA	NA	NA
MN908947.3	5969	A	T	73	62	38	1	0	37	0.0135135	74	0.503401	FALSE	NA	NA	NA	NA	NA	NA
MN908947.3	5997	C	A	59	46	37	1	1	37	0.0166667	60	0.504202	FALSE	NA	NA	NA	NA	NA	NA
MN908947.3	6074	T	C	48	19	37	1	0	37	0.0204082	49	0.505155	FALSE	NA	NA	NA	NA	NA	NA
MN908947.3	6078	C	T	47	18	37	1	1	37	0.0208333	48	0.505263	FALSE	NA	NA	NA	NA	NA	NA
MN908947.3	6139	A	+T	50	33	38	1	0	20	0.02	50	0.51	FALSE	NA	NA	NA	NA	NA	NA
MN908947.3	6161	G	-AT	51	35	38	1	0	20	0.0196078	51	0.509804	FALSE	NA	NA	NA	NA	NA	NA
MN908947.3	6164	G	T	52	37	38	1	1	37	0.0188679	53	0.504762	FALSE	NA	NA	NA	NA	NA	NA
MN908947.3	6206	A	T	44	24	38	2	0	37	0.0434783	46	0.252747	FALSE	NA	NA	NA	NA	NA	NA
MN908947.3	6207	A	C	45	24	38	1	0	37	0.0217391	46	0.505495	FALSE	NA	NA	NA	NA	NA	NA
MN908947.3	6254	G	T	75	29	39	1	0	37	0.0131579	76	0.503311	FALSE	NA	NA	NA	NA	NA	NA
MN908947.3	6308	A	T	58	21	37	1	0	37	0.0169492	59	0.504274	FALSE	NA	NA	NA	NA	NA	NA
MN908947.3	6372	T	C	79	46	38	1	1	37	0.0125	80	0.503145	FALSE	NA	NA	NA	NA	NA	NA
MN908947.3	6402	C	T	29	16	39	39	24	37	0.573529	68	1.03386e-15	TRUE	NA	NA	NA	NA	NA	NA
MN908947.3	6412	A	C	74	39	39	2	0	37	0.0263158	76	0.251656	FALSE	NA	NA	NA	NA	NA	NA
MN908947.3	6492	T	C	65	49	37	5	0	37	0.0714286	70	0.0301015	FALSE	NA	NA	NA	NA	NA	NA
MN908947.3	6496	T	C	56	36	37	1	0	37	0.0175439	57	0.504425	FALSE	NA	NA	NA	NA	NA	NA
MN908947.3	6512	A	-GTT	47	31	36	14	0	20	0.297872	47	0.000185102	TRUE	NA	NA	NA	NA	NA	NA
MN908947.3	6538	C	T	15	9	36	35	22	36	0.7	50	3.16219e-15	TRUE	NA	NA	NA	NA	NA	NA
MN908947.3	6554	G	T	43	19	36	1	0	37	0.0227273	44	0.505747	FALSE	NA	NA	NA	NA	NA	NA
MN908947.3	6604	A	G	33	18	38	4	0	37	0.108108	37	0.0606791	FALSE	NA	NA	NA	NA	NA	NA
MN908947.3	6766	T	C	18	11	39	1	0	37	0.0526316	19	0.513514	FALSE	NA	NA	NA	NA	NA	NA
MN908947.3	6944	A	G	10	8	37	1	1	37	0.0909091	11	0.52381	FALSE	NA	NA	NA	NA	NA	NA
MN908947.3	7124	C	T	8	4	41	20	9	40	0.714286	28	6.15421e-09	TRUE	NA	NA	NA	NA	NA	NA
MN908947.3	7176	T	C	22	12	38	1	1	37	0.0434783	23	0.511111	FALSE	NA	NA	NA	NA	NA	NA
MN908947.3	7180	A	G	21	12	36	1	1	37	0.0454545	22	0.511628	FALSE	NA	NA	NA	NA	NA	NA
MN908947.3	7181	A	T	20	12	37	1	0	37	0.047619	21	0.512195	FALSE	NA	NA	NA	NA	NA	NA
MN908947.3	7214	G	T	21	11	38	3	1	49	0.125	24	0.124823	FALSE	NA	NA	NA	NA	NA	NA
MN908947.3	7256	T	C	27	12	39	1	1	37	0.0357143	28	0.509091	FALSE	NA	NA	NA	NA	NA	NA
MN908947.3	7393	G	A	16	8	37	1	1	37	0.0588235	17	0.515152	FALSE	NA	NA	NA	NA	NA	NA
MN908947.3	7459	G	A	22	12	37	1	0	37	0.0434783	23	0.511111	FALSE	NA	NA	NA	NA	NA	NA
MN908947.3	7464	T	G	26	12	38	1	0	37	0.037037	27	0.509434	FALSE	NA	NA	NA	NA	NA	NA
MN908947.3	7471	C	-G	24	11	41	1	0	20	0.0416667	24	0.520833	FALSE	NA	NA	NA	NA	NA	NA
MN908947.3	7472	G	C	20	8	42	1	1	37	0.047619	21	0.5	FALSE	NA	NA	NA	NA	NA	NA
MN908947.3	7507	A	C	25	11	39	6	0	37	0.193548	31	0.0132603	FALSE	NA	NA	NA	NA	NA	NA
MN908947.3	7721	C	A	19	12	37	1	0	37	0.05	20	0.512821	FALSE	NA	NA	NA	NA	NA	NA
MN908947.3	7758	A	C	26	10	37	1	0	37	0.037037	27	0.509434	FALSE	NA	NA	NA	NA	NA	NA
MN908947.3	7763	T	C	27	8	37	1	0	37	0.0357143	28	0.509091	FALSE	NA	NA	NA	NA	NA	NA
MN908947.3	7764	C	T	26	8	37	1	0	37	0.037037	27	0.509434	FALSE	NA	NA	NA	NA	NA	NA
MN908947.3	7785	A	G	27	9	36	1	1	37	0.0357143	28	0.509091	FALSE	NA	NA	NA	NA	NA	NA
MN908947.3	7798	G	T	4	3	37	27	11	37	0.870968	31	1.99283e-13	TRUE	NA	NA	NA	NA	NA	NA
MN908947.3	7863	A	T	21	5	38	1	0	37	0.0454545	22	0.511628	FALSE	NA	NA	NA	NA	NA	NA
MN908947.3	7970	A	T	28	14	36	1	0	37	0.0344828	29	0.508772	FALSE	NA	NA	NA	NA	NA	NA
MN908947.3	7973	C	G	28	14	37	1	0	37	0.0344828	29	0.508772	FALSE	NA	NA	NA	NA	NA	NA
MN908947.3	7979	C	T	25	11	37	5	0	37	0.166667	30	0.0284648	FALSE	NA	NA	NA	NA	NA	NA
MN908947.3	8075	G	T	36	18	39	4	0	46	0.1	40	0.0608253	FALSE	NA	NA	NA	NA	NA	NA
MN908947.3	8113	A	G	44	21	40	1	0	37	0.0222222	45	0.505618	FALSE	NA	NA	NA	NA	NA	NA
MN908947.3	8122	A	T	53	31	39	1	0	37	0.0185185	54	0.504673	FALSE	NA	NA	NA	NA	NA	NA
MN908947.3	8123	C	T	54	31	40	1	0	37	0.0181818	55	0.504587	FALSE	NA	NA	NA	NA	NA	NA
MN908947.3	8127	C	-A	60	31	39	1	0	20	0.0166667	60	0.508333	FALSE	NA	NA	NA	NA	NA	NA
MN908947.3	8128	A	-AAG	60	31	40	1	0	20	0.0163934	61	0.504132	FALSE	NA	NA	NA	NA	NA	NA
MN908947.3	8130	A	C	57	33	40	3	0	37	0.05	60	0.121849	FALSE	NA	NA	NA	NA	NA	NA
MN908947.3	8141	T	A	64	34	40	1	1	37	0.0153846	65	0.503876	FALSE	NA	NA	NA	NA	NA	NA
MN908947.3	8278	T	C	49	36	39	1	1	37	0.02	50	0.505051	FALSE	NA	NA	NA	NA	NA	NA
MN908947.3	8339	A	T	32	19	36	1	0	37	0.030303	33	0.507692	FALSE	NA	NA	NA	NA	NA	NA
MN908947.3	8376	C	+A	34	15	37	1	0	20	0.0294118	34	0.514706	FALSE	NA	NA	NA	NA	NA	NA
MN908947.3	8385	A	T	33	16	37	1	1	37	0.0294118	34	0.507463	FALSE	NA	NA	NA	NA	NA	NA
MN908947.3	8386	C	A	33	17	37	1	0	37	0.0294118	34	0.507463	FALSE	NA	NA	NA	NA	NA	NA
MN908947.3	8387	A	T	36	20	37	1	0	37	0.027027	37	0.506849	FALSE	NA	NA	NA	NA	NA	NA
MN908947.3	8393	G	A	32	16	37	4	3	37	0.111111	36	0.0606246	FALSE	NA	NA	NA	NA	NA	NA
MN908947.3	8401	A	G	35	18	36	1	0	37	0.0277778	36	0.507042	FALSE	NA	NA	NA	NA	NA	NA
MN908947.3	8516	G	A	35	12	37	3	0	37	0.0789474	38	0.124932	FALSE	NA	NA	NA	NA	NA	NA
MN908947.3	8525	G	A	34	11	37	1	0	37	0.0285714	35	0.507246	FALSE	NA	NA	NA	NA	NA	NA
MN908947.3	8551	T	-G	43	8	37	1	0	20	0.0232558	43	0.511628	FALSE	NA	NA	NA	NA	NA	NA
MN908947.3	8633	A	T	38	26	36	1	1	37	0.025641	39	0.506494	FALSE	NA	NA	NA	NA	NA	NA
MN908947.3	8775	G	T	66	39	38	1	0	37	0.0149254	67	0.503759	FALSE	NA	NA	NA	NA	NA	NA
MN908947.3	8776	G	T	63	39	38	3	0	37	0.0454545	66	0.124978	FALSE	NA	NA	NA	NA	NA	NA
MN908947.3	8781	G	C	71	40	38	1	1	37	0.0138889	72	0.503497	FALSE	NA	NA	NA	NA	NA	NA
MN908947.3	8785	G	-C	76	33	37	1	0	20	0.0131579	76	0.506579	FALSE	NA	NA	NA	NA	NA	NA
MN908947.3	8787	G	A	75	34	38	1	0	37	0.0131579	76	0.503311	FALSE	NA	NA	NA	NA	NA	NA
MN908947.3	8832	C	A	72	32	39	4	4	37	0.0526316	76	0.0616472	FALSE	NA	NA	NA	NA	NA	NA
MN908947.3	8883	T	C	72	50	37	1	0	37	0.0136986	73	0.503448	FALSE	NA	NA	NA	NA	NA	NA
MN908947.3	8964	C	T	41	23	37	1	0	37	0.0238095	42	0.506024	FALSE	NA	NA	NA	NA	NA	NA
MN908947.3	8986	C	T	16	9	38	27	12	39	0.627907	43	2.40933e-11	TRUE	NA	NA	NA	NA	NA	NA
MN908947.3	9001	T	A	56	34	40	1	0	37	0.0175439	57	0.504425	FALSE	NA	NA	NA	NA	NA	NA
MN908947.3	9053	G	T	15	9	37	44	34	37	0.745763	59	1.19415e-19	TRUE	NA	NA	NA	NA	NA	NA
MN908947.3	9069	A	T	59	41	38	1	1	37	0.0166667	60	0.504202	FALSE	NA	NA	NA	NA	NA	NA
MN908947.3	9076	T	C	60	40	38	1	1	37	0.0163934	61	0.504132	FALSE	NA	NA	NA	NA	NA	NA
MN908947.3	9082	A	C	66	44	37	2	0	37	0.0294118	68	0.251852	FALSE	NA	NA	NA	NA	NA	NA
MN908947.3	9149	A	C	47	35	38	1	1	25	0.0208333	48	0.505263	FALSE	NA	NA	NA	NA	NA	NA
MN908947.3	9180	C	G	32	18	36	1	0	37	0.030303	33	0.507692	FALSE	NA	NA	NA	NA	NA	NA
MN908947.3	9187	A	G	33	19	37	2	0	37	0.0571429	35	0.253623	FALSE	NA	NA	NA	NA	NA	NA
MN908947.3	9194	A	T	35	20	37	1	0	37	0.0277778	36	0.507042	FALSE	NA	NA	NA	NA	NA	NA
MN908947.3	9229	T	-TG	37	15	36	1	0	20	0.027027	37	0.513514	FALSE	NA	NA	NA	NA	NA	NA
MN908947.3	9396	C	T	55	29	37	2	0	37	0.0350877	57	0.252212	FALSE	NA	NA	NA	NA	NA	NA
MN908947.3	9401	T	C	57	26	36	2	0	37	0.0338983	59	0.252137	FALSE	NA	NA	NA	NA	NA	NA
MN908947.3	9403	T	A	56	23	37	2	0	37	0.0344828	58	0.252174	FALSE	NA	NA	NA	NA	NA	NA
MN908947.3	9405	T	C	52	23	36	7	0	35	0.118644	59	0.00687875	TRUE	NA	NA	NA	NA	NA	NA
MN908947.3	9417	G	-TA	56	18	37	1	0	20	0.0178571	56	0.508929	FALSE	NA	NA	NA	NA	NA	NA
MN908947.3	9428	A	T	51	15	37	1	1	37	0.0192308	52	0.504854	FALSE	NA	NA	NA	NA	NA	NA
MN908947.3	9578	T	A	30	22	36	2	0	37	0.0625	32	0.253968	FALSE	NA	NA	NA	NA	NA	NA
MN908947.3	9661	C	A	36	27	37	1	1	37	0.027027	37	0.506849	FALSE	NA	NA	NA	NA	NA	NA
MN908947.3	9709	T	C	50	35	37	1	1	37	0.0196078	51	0.50495	FALSE	NA	NA	NA	NA	NA	NA
MN908947.3	9721	T	A	53	36	36	1	0	37	0.0185185	54	0.504673	FALSE	NA	NA	NA	NA	NA	NA
MN908947.3	9767	A	-AT	46	11	37	1	0	20	0.0217391	46	0.51087	FALSE	NA	NA	NA	NA	NA	NA
MN908947.3	9885	A	G	83	45	36	1	0	25	0.0119048	84	0.502994	FALSE	NA	NA	NA	NA	NA	NA
MN908947.3	9887	T	A	81	44	36	2	0	37	0.0240964	83	0.251515	FALSE	NA	NA	NA	NA	NA	NA
MN908947.3	9890	G	T	80	41	36	1	1	37	0.0123457	81	0.503106	FALSE	NA	NA	NA	NA	NA	NA
MN908947.3	9914	T	C	133	52	39	3	0	37	0.0220588	136	0.124995	FALSE	NA	NA	NA	NA	NA	NA
MN908947.3	9967	C	T	152	108	39	1	1	37	0.00653595	153	0.501639	FALSE	NA	NA	NA	NA	NA	NA
MN908947.3	9974	G	A	155	110	39	1	0	74	0.00641026	156	0.501608	FALSE	NA	NA	NA	NA	NA	NA
MN908947.3	9998	G	T	115	78	39	1	0	37	0.00862069	116	0.502165	FALSE	NA	NA	NA	NA	NA	NA
MN908947.3	10029	C	T	0	0	0	68	39	38	1	68	3.36185e-40	TRUE	NA	NA	NA	NA	NA	NA
MN908947.3	10092	T	C	68	49	39	1	1	37	0.0144928	69	0.50365	FALSE	NA	NA	NA	NA	NA	NA
MN908947.3	10132	A	C	98	64	38	1	0	37	0.010101	99	0.502538	FALSE	NA	NA	NA	NA	NA	NA
MN908947.3	10135	T	C	91	57	38	1	0	37	0.0108696	92	0.502732	FALSE	NA	NA	NA	NA	NA	NA
MN908947.3	10148	C	T	92	55	38	1	0	37	0.0107527	93	0.502703	FALSE	NA	NA	NA	NA	NA	NA
MN908947.3	10308	G	A	66	38	37	1	0	37	0.0149254	67	0.503759	FALSE	NA	NA	NA	NA	NA	NA
MN908947.3	10336	C	T	60	35	37	1	0	37	0.0163934	61	0.504132	FALSE	NA	NA	NA	NA	NA	NA
MN908947.3	10356	A	G	57	28	37	2	0	37	0.0338983	59	0.252137	FALSE	NA	NA	NA	NA	NA	NA
MN908947.3	10378	A	C	57	27	38	1	0	37	0.0172414	58	0.504348	FALSE	NA	NA	NA	NA	NA	NA
MN908947.3	10411	T	G	65	33	39	1	0	37	0.0151515	66	0.503817	FALSE	NA	NA	NA	NA	NA	NA
MN908947.3	10435	A	T	62	33	37	7	0	37	0.101449	69	0.00701481	TRUE	NA	NA	NA	NA	NA	NA
MN908947.3	10449	C	A	66	33	37	7	4	37	0.0958904	73	0.00705875	TRUE	NA	NA	NA	NA	NA	NA
MN908947.3	10468	T	G	60	30	37	1	1	37	0.0163934	61	0.504132	FALSE	NA	NA	NA	NA	NA	NA
MN908947.3	10470	C	A	61	31	37	1	1	37	0.016129	62	0.504065	FALSE	NA	NA	NA	NA	NA	NA
MN908947.3	10484	T	G	65	36	38	1	1	37	0.0151515	66	0.503817	FALSE	NA	NA	NA	NA	NA	NA
MN908947.3	10499	G	A	66	45	39	1	0	37	0.0149254	67	0.503759	FALSE	NA	NA	NA	NA	NA	NA
MN908947.3	10530	T	C	55	42	37	1	1	25	0.0178571	56	0.504505	FALSE	NA	NA	NA	NA	NA	NA
MN908947.3	10571	G	T	51	22	38	2	1	37	0.0377358	53	0.252381	FALSE	NA	NA	NA	NA	NA	NA
MN908947.3	10608	T	G	65	24	38	1	1	37	0.0151515	66	0.503817	FALSE	NA	NA	NA	NA	NA	NA
MN908947.3	10786	A	G	57	27	37	1	0	37	0.0172414	58	0.504348	FALSE	NA	NA	NA	NA	NA	NA
MN908947.3	10788	A	G	57	26	37	1	0	37	0.0172414	58	0.504348	FALSE	NA	NA	NA	NA	NA	NA
MN908947.3	10897	A	T	43	27	36	3	0	37	0.0652174	46	0.124954	FALSE	NA	NA	NA	NA	NA	NA
MN908947.3	10933	T	C	50	31	38	1	0	37	0.0196078	51	0.50495	FALSE	NA	NA	NA	NA	NA	NA
MN908947.3	10948	A	G	55	35	38	1	0	37	0.0178571	56	0.504505	FALSE	NA	NA	NA	NA	NA	NA
MN908947.3	10960	T	-G	47	27	39	1	0	20	0.0212766	47	0.510638	FALSE	NA	NA	NA	NA	NA	NA
MN908947.3	11002	A	G	23	9	41	46	21	38	0.666667	69	1.78526e-19	TRUE	NA	NA	NA	NA	NA	NA
MN908947.3	11109	C	T	39	30	38	1	1	37	0.025	40	0.506329	FALSE	NA	NA	NA	NA	NA	NA
MN908947.3	11151	T	A	33	25	37	2	0	37	0.0571429	35	0.253623	FALSE	NA	NA	NA	NA	NA	NA
MN908947.3	11159	A	C	45	31	37	1	0	37	0.0217391	46	0.505495	FALSE	NA	NA	NA	NA	NA	NA
MN908947.3	11201	A	G	5	4	37	36	20	36	0.878049	41	5.75237e-18	TRUE	NA	NA	NA	NA	NA	NA
MN908947.3	11232	C	A	24	14	38	1	1	74	0.04	25	0.510204	FALSE	NA	NA	NA	NA	NA	NA
MN908947.3	11243	G	C	22	15	38	1	1	37	0.0434783	23	0.511111	FALSE	NA	NA	NA	NA	NA	NA
MN908947.3	11282	A	-GTTTGTCTG	29	14	37	2	0	20	0.0689655	29	0.271771	FALSE	NA	NA	NA	NA	NA	NA
MN908947.3	11292	G	-TT	32	19	39	1	0	20	0.03125	32	0.515625	FALSE	NA	NA	NA	NA	NA	NA
MN908947.3	11332	A	G	9	5	37	30	16	36	0.769231	39	1.00132e-13	TRUE	NA	NA	NA	NA	NA	NA
MN908947.3	11357	A	T	45	22	38	1	0	37	0.0217391	46	0.505495	FALSE	NA	NA	NA	NA	NA	NA
MN908947.3	11360	A	G	46	22	38	1	0	37	0.0212766	47	0.505376	FALSE	NA	NA	NA	NA	NA	NA
MN908947.3	11376	G	A	53	12	38	1	1	37	0.0185185	54	0.504673	FALSE	NA	NA	NA	NA	NA	NA
MN908947.3	11393	A	G	61	12	39	1	0	37	0.016129	62	0.504065	FALSE	NA	NA	NA	NA	NA	NA
MN908947.3	11459	T	A	50	28	39	6	0	37	0.107143	56	0.0143396	FALSE	NA	NA	NA	NA	NA	NA
MN908947.3	11478	T	A	62	32	37	2	0	37	0.03125	64	0.251969	FALSE	NA	NA	NA	NA	NA	NA
MN908947.3	11511	C	G	59	25	36	3	0	37	0.0483871	62	0.124975	FALSE	NA	NA	NA	NA	NA	NA
MN908947.3	11537	A	G	45	29	38	14	8	37	0.237288	59	2.89195e-05	TRUE	NA	NA	NA	NA	NA	NA
MN908947.3	11670	G	C	38	35	37	1	1	37	0.025641	39	0.506494	FALSE	NA	NA	NA	NA	NA	NA
MN908947.3	11763	A	G	57	13	37	1	0	37	0.0172414	58	0.504348	FALSE	NA	NA	NA	NA	NA	NA
MN908947.3	11767	C	T	66	12	37	1	1	37	0.0149254	67	0.503759	FALSE	NA	NA	NA	NA	NA	NA
MN908947.3	11771	G	T	62	9	37	1	0	37	0.015873	63	0.504	FALSE	NA	NA	NA	NA	NA	NA
MN908947.3	11849	A	G	54	24	37	1	0	37	0.0181818	55	0.504587	FALSE	NA	NA	NA	NA	NA	NA
MN908947.3	11855	G	C	54	22	37	1	0	37	0.0181818	55	0.504587	FALSE	NA	NA	NA	NA	NA	NA
MN908947.3	11870	T	C	67	24	37	1	0	37	0.0147059	68	0.503704	FALSE	NA	NA	NA	NA	NA	NA
MN908947.3	11878	C	T	65	24	38	1	0	37	0.0151515	66	0.503817	FALSE	NA	NA	NA	NA	NA	NA
MN908947.3	11924	T	-TG	54	36	39	1	0	20	0.0185185	54	0.509259	FALSE	NA	NA	NA	NA	NA	NA
MN908947.3	11928	G	T	54	37	39	1	0	37	0.0181818	55	0.504587	FALSE	NA	NA	NA	NA	NA	NA
MN908947.3	12000	T	C	51	36	38	1	0	37	0.0192308	52	0.504854	FALSE	NA	NA	NA	NA	NA	NA
MN908947.3	12005	C	G	52	38	38	1	0	37	0.0188679	53	0.504762	FALSE	NA	NA	NA	NA	NA	NA
MN908947.3	12014	G	C	57	42	38	3	0	37	0.05	60	0.124973	FALSE	NA	NA	NA	NA	NA	NA
MN908947.3	12018	T	A	57	42	38	3	0	37	0.05	60	0.124973	FALSE	NA	NA	NA	NA	NA	NA
MN908947.3	12020	C	A	64	46	37	1	0	37	0.0153846	65	0.503876	FALSE	NA	NA	NA	NA	NA	NA
MN908947.3	12061	A	G	55	28	39	1	1	37	0.0178571	56	0.504505	FALSE	NA	NA	NA	NA	NA	NA
MN908947.3	12075	A	C	64	28	38	1	0	37	0.0153846	65	0.503876	FALSE	NA	NA	NA	NA	NA	NA
MN908947.3	12082	A	T	71	29	38	1	0	37	0.0138889	72	0.503497	FALSE	NA	NA	NA	NA	NA	NA
MN908947.3	12085	C	T	69	30	38	1	0	37	0.0142857	70	0.503597	FALSE	NA	NA	NA	NA	NA	NA
MN908947.3	12099	C	A	76	32	37	1	0	37	0.012987	77	0.503268	FALSE	NA	NA	NA	NA	NA	NA
MN908947.3	12102	C	A	71	28	38	1	0	37	0.0138889	72	0.503497	FALSE	NA	NA	NA	NA	NA	NA
MN908947.3	12128	G	A	65	32	38	1	0	37	0.0151515	66	0.503817	FALSE	NA	NA	NA	NA	NA	NA
MN908947.3	12160	G	T	65	35	38	2	0	37	0.0298507	67	0.25188	FALSE	NA	NA	NA	NA	NA	NA
MN908947.3	12164	G	T	62	33	38	2	0	37	0.03125	64	0.251969	FALSE	NA	NA	NA	NA	NA	NA
MN908947.3	12235	A	T	56	38	38	1	1	37	0.0175439	57	0.504425	FALSE	NA	NA	NA	NA	NA	NA
MN908947.3	12269	G	-A	69	39	38	1	0	20	0.0144928	69	0.507246	FALSE	NA	NA	NA	NA	NA	NA
MN908947.3	12270	A	G	68	41	39	1	0	37	0.0144928	69	0.5	FALSE	NA	NA	NA	NA	NA	NA
MN908947.3	12282	A	C	79	46	38	1	0	37	0.0125	80	0.503145	FALSE	NA	NA	NA	NA	NA	NA
MN908947.3	12315	G	T	90	38	37	1	0	37	0.010989	91	0.502762	FALSE	NA	NA	NA	NA	NA	NA
MN908947.3	12319	T	A	68	23	38	3	0	37	0.0422535	71	0.124981	FALSE	NA	NA	NA	NA	NA	NA
MN908947.3	12392	G	A	97	59	41	1	1	37	0.0102041	98	0.502564	FALSE	NA	NA	NA	NA	NA	NA
MN908947.3	12399	T	C	90	63	37	1	0	37	0.0108696	92	0.5	FALSE	NA	NA	NA	NA	NA	NA
MN908947.3	12399	T	A	90	63	37	1	0	37	0.0108696	92	0.5	FALSE	NA	NA	NA	NA	NA	NA
MN908947.3	12404	A	G	90	59	37	1	1	20	0.010989	91	0.502762	FALSE	NA	NA	NA	NA	NA	NA
MN908947.3	12413	A	C	92	52	37	4	0	37	0.0416667	96	0.06183	FALSE	NA	NA	NA	NA	NA	NA
MN908947.3	12443	A	C	89	37	37	1	0	37	0.0111111	90	0.502793	FALSE	NA	NA	NA	NA	NA	NA
MN908947.3	12518	G	T	54	31	37	1	0	37	0.0181818	55	0.504587	FALSE	NA	NA	NA	NA	NA	NA
MN908947.3	12578	G	T	56	33	38	2	0	37	0.0344828	58	0.252174	FALSE	NA	NA	NA	NA	NA	NA
MN908947.3	12621	C	T	77	41	37	1	0	37	0.0128205	78	0.503226	FALSE	NA	NA	NA	NA	NA	NA
MN908947.3	12631	A	C	77	43	36	4	0	37	0.0493827	81	0.0617016	FALSE	NA	NA	NA	NA	NA	NA
MN908947.3	12716	C	-AG	70	54	38	1	0	20	0.0142857	70	0.507143	FALSE	NA	NA	NA	NA	NA	NA
MN908947.3	12735	G	A	74	52	37	1	0	37	0.0133333	75	0.503356	FALSE	NA	NA	NA	NA	NA	NA
MN908947.3	12763	C	T	81	45	38	2	2	37	0.0240964	83	0.251515	FALSE	NA	NA	NA	NA	NA	NA
MN908947.3	12785	A	C	76	33	37	2	0	37	0.025641	78	0.251613	FALSE	NA	NA	NA	NA	NA	NA
MN908947.3	12789	C	G	94	37	37	1	0	37	0.0105263	95	0.502646	FALSE	NA	NA	NA	NA	NA	NA
MN908947.3	12800	A	G	85	23	38	1	1	37	0.0116279	86	0.502924	FALSE	NA	NA	NA	NA	NA	NA
MN908947.3	12814	A	C	85	38	40	1	1	37	0.0116279	86	0.502924	FALSE	NA	NA	NA	NA	NA	NA
MN908947.3	12820	A	G	88	38	41	1	1	37	0.011236	89	0.502825	FALSE	NA	NA	NA	NA	NA	NA
MN908947.3	12851	T	C	83	44	39	1	1	37	0.0119048	84	0.502994	FALSE	NA	NA	NA	NA	NA	NA
MN908947.3	12886	A	+GTT	82	40	39	1	0	20	0.0121951	82	0.506098	FALSE	NA	NA	NA	NA	NA	NA
MN908947.3	12926	A	+C	118	47	38	19	0	20	0.161017	118	4.53778e-05	TRUE	NA	NA	NA	NA	NA	NA
MN908947.3	12927	A	C	108	49	38	2	0	37	0.0181818	110	0.251142	FALSE	NA	NA	NA	NA	NA	NA
MN908947.3	12928	A	G	109	48	38	1	1	37	0.00909091	110	0.502283	FALSE	NA	NA	NA	NA	NA	NA
MN908947.3	12976	A	T	94	55	38	2	0	37	0.0208333	96	0.251309	FALSE	NA	NA	NA	NA	NA	NA
MN908947.3	12981	G	A	95	55	38	2	0	37	0.0206186	97	0.251295	FALSE	NA	NA	NA	NA	NA	NA
MN908947.3	13006	T	C	76	48	37	3	0	37	0.0379747	79	0.124985	FALSE	NA	NA	NA	NA	NA	NA
MN908947.3	13011	C	A	83	51	37	1	0	37	0.0119048	84	0.502994	FALSE	NA	NA	NA	NA	NA	NA
MN908947.3	13026	C	G	70	39	37	1	1	37	0.0140845	71	0.503546	FALSE	NA	NA	NA	NA	NA	NA
MN908947.3	13112	T	G	52	41	38	1	0	37	0.0178571	56	0.490741	FALSE	NA	NA	NA	NA	NA	NA
MN908947.3	13112	T	A	52	41	38	3	0	37	0.0535714	56	0.12156	FALSE	NA	NA	NA	NA	NA	NA
MN908947.3	13162	T	G	98	49	37	1	0	25	0.010101	99	0.502538	FALSE	NA	NA	NA	NA	NA	NA
MN908947.3	13172	G	A	100	40	37	3	0	37	0.0291262	103	0.124991	FALSE	NA	NA	NA	NA	NA	NA
MN908947.3	13195	T	C	89	37	38	19	7	45	0.175926	108	8.78712e-07	TRUE	NA	NA	NA	NA	NA	NA
MN908947.3	13201	G	C	107	45	39	1	0	37	0.00925926	108	0.502326	FALSE	NA	NA	NA	NA	NA	NA
MN908947.3	13234	T	G	100	44	38	1	0	37	0.00990099	101	0.502488	FALSE	NA	NA	NA	NA	NA	NA
MN908947.3	13282	T	C	104	40	37	1	0	37	0.00952381	105	0.502392	FALSE	NA	NA	NA	NA	NA	NA
MN908947.3	13282	T	-A	104	40	37	1	0	20	0.00952381	105	0.753589	FALSE	NA	NA	NA	NA	NA	NA
MN908947.3	13283	A	T	105	42	38	3	0	37	0.0277778	108	0.123256	FALSE	NA	NA	NA	NA	NA	NA
MN908947.3	13284	A	T	102	42	38	3	0	37	0.0285714	105	0.124991	FALSE	NA	NA	NA	NA	NA	NA
MN908947.3	13291	T	C	108	42	38	1	0	37	0.00917431	109	0.502304	FALSE	NA	NA	NA	NA	NA	NA
MN908947.3	13310	T	C	116	56	39	1	0	37	0.00854701	117	0.502146	FALSE	NA	NA	NA	NA	NA	NA
MN908947.3	13341	A	T	138	98	40	1	1	37	0.00719424	139	0.501805	FALSE	NA	NA	NA	NA	NA	NA
MN908947.3	13344	C	-TG	135	102	39	1	0	20	0.00740741	135	0.754619	FALSE	NA	NA	NA	NA	NA	NA
MN908947.3	13345	T	-G	137	105	39	1	0	20	0.00724638	138	0.752727	FALSE	NA	NA	NA	NA	NA	NA
MN908947.3	13373	T	A	129	99	38	1	0	37	0.00769231	130	0.501931	FALSE	NA	NA	NA	NA	NA	NA
MN908947.3	13374	G	A	129	99	39	1	0	37	0.00769231	130	0.501931	FALSE	NA	NA	NA	NA	NA	NA
MN908947.3	13390	G	T	114	88	38	2	0	37	0.0172414	116	0.251082	FALSE	NA	NA	NA	NA	NA	NA
MN908947.3	13416	A	G	57	34	37	1	1	37	0.0172414	58	0.504348	FALSE	NA	NA	NA	NA	NA	NA
MN908947.3	13474	T	C	87	76	37	1	0	37	0.0113636	88	0.502857	FALSE	NA	NA	NA	NA	NA	NA
MN908947.3	13482	A	G	24	20	40	60	52	38	0.714286	84	4.35728e-26	TRUE	NA	NA	NA	NA	NA	NA
MN908947.3	13512	A	T	60	35	36	1	0	37	0.0163934	61	0.504132	FALSE	NA	NA	NA	NA	NA	NA
MN908947.3	13649	T	C	30	20	37	1	1	37	0.0322581	31	0.508197	FALSE	NA	NA	NA	NA	NA	NA
MN908947.3	13693	A	T	42	23	36	3	0	37	0.0666667	45	0.124952	FALSE	NA	NA	NA	NA	NA	NA
MN908947.3	13730	C	G	61	38	39	7	0	37	0.102941	68	0.00700301	TRUE	NA	NA	NA	NA	NA	NA
MN908947.3	13763	G	A	65	45	38	1	0	37	0.0151515	66	0.503817	FALSE	NA	NA	NA	NA	NA	NA
MN908947.3	13786	C	T	70	28	40	4	0	34	0.0540541	74	0.0616233	FALSE	NA	NA	NA	NA	NA	NA
MN908947.3	13791	A	C	68	26	40	7	0	42	0.0933333	75	0.00707895	TRUE	NA	NA	NA	NA	NA	NA
MN908947.3	13804	T	C	85	26	40	1	0	37	0.0116279	86	0.502924	FALSE	NA	NA	NA	NA	NA	NA
MN908947.3	13807	A	G	90	26	39	1	0	37	0.010989	91	0.502762	FALSE	NA	NA	NA	NA	NA	NA
MN908947.3	13873	A	G	75	37	37	1	0	37	0.0131579	76	0.503311	FALSE	NA	NA	NA	NA	NA	NA
MN908947.3	13949	A	C	61	32	38	1	0	37	0.016129	62	0.504065	FALSE	NA	NA	NA	NA	NA	NA
MN908947.3	13984	G	A	65	33	38	2	0	37	0.0298507	67	0.25188	FALSE	NA	NA	NA	NA	NA	NA
MN908947.3	14063	A	-T	72	45	38	1	0	20	0.0138889	72	0.506944	FALSE	NA	NA	NA	NA	NA	NA
MN908947.3	14097	C	T	62	46	37	1	0	25	0.015873	63	0.504	FALSE	NA	NA	NA	NA	NA	NA
MN908947.3	14110	C	A	78	60	38	1	0	37	0.0126582	79	0.503185	FALSE	NA	NA	NA	NA	NA	NA
MN908947.3	14111	A	C	65	56	39	9	0	37	0.121622	74	0.00160632	TRUE	NA	NA	NA	NA	NA	NA
MN908947.3	14123	G	T	87	60	37	1	0	37	0.0113636	88	0.502857	FALSE	NA	NA	NA	NA	NA	NA
MN908947.3	14141	T	C	76	51	37	1	0	37	0.012987	77	0.503268	FALSE	NA	NA	NA	NA	NA	NA
MN908947.3	14179	T	A	63	43	39	1	1	25	0.015625	64	0.503937	FALSE	NA	NA	NA	NA	NA	NA
MN908947.3	14205	A	G	63	38	39	1	0	37	0.015625	64	0.503937	FALSE	NA	NA	NA	NA	NA	NA
MN908947.3	14335	G	T	51	30	37	5	0	37	0.0892857	56	0.029804	FALSE	NA	NA	NA	NA	NA	NA
MN908947.3	14346	G	T	57	25	36	1	0	37	0.0169492	59	0.5	FALSE	NA	NA	NA	NA	NA	NA
MN908947.3	14346	G	C	57	25	36	1	0	37	0.0169492	59	0.5	FALSE	NA	NA	NA	NA	NA	NA
MN908947.3	14348	A	G	59	25	37	2	0	37	0.0327869	61	0.252066	FALSE	NA	NA	NA	NA	NA	NA
MN908947.3	14357	G	C	67	25	37	1	1	37	0.0147059	68	0.503704	FALSE	NA	NA	NA	NA	NA	NA
MN908947.3	14408	C	T	0	0	0	43	13	37	1	43	3.01316e-25	TRUE	NA	NA	NA	NA	NA	NA
MN908947.3	14409	T	C	41	11	37	1	1	37	0.0238095	42	0.506024	FALSE	NA	NA	NA	NA	NA	NA
MN908947.3	14433	A	T	48	27	37	2	0	37	0.04	50	0.252525	FALSE	NA	NA	NA	NA	NA	NA
MN908947.3	14435	A	T	48	28	37	4	0	37	0.0769231	52	0.0612323	FALSE	NA	NA	NA	NA	NA	NA
MN908947.3	14438	T	C	49	27	37	2	0	37	0.0392157	51	0.252475	FALSE	NA	NA	NA	NA	NA	NA
MN908947.3	14533	A	C	79	54	38	2	0	37	0.0246914	81	0.251553	FALSE	NA	NA	NA	NA	NA	NA
MN908947.3	14565	T	A	64	43	38	1	1	37	0.0153846	65	0.503876	FALSE	NA	NA	NA	NA	NA	NA
MN908947.3	14609	A	G	62	50	39	1	0	37	0.015873	63	0.504	FALSE	NA	NA	NA	NA	NA	NA
MN908947.3	14625	C	T	55	42	39	1	1	37	0.0178571	56	0.504505	FALSE	NA	NA	NA	NA	NA	NA
MN908947.3	14759	T	C	45	26	39	1	0	37	0.0217391	46	0.505495	FALSE	NA	NA	NA	NA	NA	NA
MN908947.3	14764	T	C	43	28	39	2	0	37	0.0444444	45	0.252809	FALSE	NA	NA	NA	NA	NA	NA
MN908947.3	14786	C	A	49	21	37	1	1	37	0.02	50	0.505051	FALSE	NA	NA	NA	NA	NA	NA
MN908947.3	14820	A	G	38	10	36	7	0	37	0.155556	45	0.00658605	TRUE	NA	NA	NA	NA	NA	NA
MN908947.3	14861	A	T	31	18	37	2	0	37	0.0606061	33	0.253846	FALSE	NA	NA	NA	NA	NA	NA
MN908947.3	14870	A	G	38	23	36	4	0	37	0.0952381	42	0.0609103	FALSE	NA	NA	NA	NA	NA	NA
MN908947.3	14884	T	C	39	21	36	1	0	37	0.025	40	0.506329	FALSE	NA	NA	NA	NA	NA	NA
MN908947.3	14963	A	C	80	23	37	1	0	37	0.0123457	81	0.503106	FALSE	NA	NA	NA	NA	NA	NA
MN908947.3	14969	G	A	86	23	36	1	0	37	0.0114943	87	0.50289	FALSE	NA	NA	NA	NA	NA	NA
MN908947.3	14988	T	A	78	30	39	1	1	37	0.0126582	79	0.503185	FALSE	NA	NA	NA	NA	NA	NA
MN908947.3	15064	A	T	89	56	39	1	1	37	0.0111111	90	0.502793	FALSE	NA	NA	NA	NA	NA	NA
MN908947.3	15071	T	A	115	65	39	10	1	37	0.08	125	0.000843621	TRUE	NA	NA	NA	NA	NA	NA
MN908947.3	15073	A	G	126	68	39	1	0	37	0.00787402	127	0.501976	FALSE	NA	NA	NA	NA	NA	NA
MN908947.3	15102	T	-CG	141	59	39	1	0	20	0.0070922	141	0.754423	FALSE	NA	NA	NA	NA	NA	NA
MN908947.3	15141	C	T	106	33	37	2	0	37	0.0185185	108	0.251163	FALSE	NA	NA	NA	NA	NA	NA
MN908947.3	15176	T	C	68	27	39	1	0	37	0.0144928	69	0.50365	FALSE	NA	NA	NA	NA	NA	NA
MN908947.3	15200	T	C	73	35	38	1	1	37	0.0135135	74	0.503401	FALSE	NA	NA	NA	NA	NA	NA
MN908947.3	15208	G	A	71	37	38	1	1	37	0.0138889	72	0.503497	FALSE	NA	NA	NA	NA	NA	NA
MN908947.3	15240	C	T	72	45	37	22	18	37	0.234043	94	6.71701e-08	TRUE	NA	NA	NA	NA	NA	NA
MN908947.3	15293	A	G	93	71	37	1	0	37	0.0106383	94	0.502674	FALSE	NA	NA	NA	NA	NA	NA
MN908947.3	15296	A	T	91	68	37	1	0	37	0.0108696	92	0.502732	FALSE	NA	NA	NA	NA	NA	NA
MN908947.3	15298	C	T	96	71	37	1	1	37	0.0103093	97	0.502591	FALSE	NA	NA	NA	NA	NA	NA
MN908947.3	15302	A	C	97	70	37	1	1	37	0.0102041	98	0.502564	FALSE	NA	NA	NA	NA	NA	NA
MN908947.3	15316	A	G	92	51	37	1	1	37	0.0107527	93	0.502703	FALSE	NA	NA	NA	NA	NA	NA
MN908947.3	15360	C	-A	85	39	37	1	0	20	0.0117647	85	0.505882	FALSE	NA	NA	NA	NA	NA	NA
MN908947.3	15362	A	T	89	39	37	1	0	37	0.0111111	90	0.502793	FALSE	NA	NA	NA	NA	NA	NA
MN908947.3	15366	T	C	93	40	37	1	0	37	0.0106383	94	0.502674	FALSE	NA	NA	NA	NA	NA	NA
MN908947.3	15372	G	A	87	35	38	1	0	37	0.0113636	88	0.502857	FALSE	NA	NA	NA	NA	NA	NA
MN908947.3	15373	T	C	85	34	38	1	0	37	0.0116279	86	0.502924	FALSE	NA	NA	NA	NA	NA	NA
MN908947.3	15384	G	C	77	34	39	1	0	37	0.0128205	78	0.503226	FALSE	NA	NA	NA	NA	NA	NA
MN908947.3	15405	A	G	82	50	38	1	1	25	0.0120482	83	0.50303	FALSE	NA	NA	NA	NA	NA	NA
MN908947.3	15431	G	T	103	61	37	1	0	37	0.00961538	104	0.502415	FALSE	NA	NA	NA	NA	NA	NA
MN908947.3	15444	G	-T	90	64	37	1	0	20	0.0111111	90	0.505556	FALSE	NA	NA	NA	NA	NA	NA
MN908947.3	15447	T	G	91	65	37	1	1	37	0.0108696	92	0.502732	FALSE	NA	NA	NA	NA	NA	NA
MN908947.3	15448	G	A	88	63	37	1	0	37	0.011236	89	0.502825	FALSE	NA	NA	NA	NA	NA	NA
MN908947.3	15451	G	A	14	11	42	72	49	36	0.837209	86	2.08987e-34	TRUE	NA	NA	NA	NA	NA	NA
MN908947.3	15459	A	C	91	67	37	3	0	37	0.0319149	94	0.124989	FALSE	NA	NA	NA	NA	NA	NA
MN908947.3	15488	G	T	97	56	38	1	1	37	0.0102041	98	0.502564	FALSE	NA	NA	NA	NA	NA	NA
MN908947.3	15491	A	C	89	50	37	1	0	37	0.0111111	90	0.502793	FALSE	NA	NA	NA	NA	NA	NA
MN908947.3	15529	T	C	99	53	39	1	1	37	0.01	100	0.502513	FALSE	NA	NA	NA	NA	NA	NA
MN908947.3	15614	A	G	56	31	37	1	1	25	0.0175439	57	0.504425	FALSE	NA	NA	NA	NA	NA	NA
MN908947.3	15663	T	G	76	25	36	1	0	37	0.012987	77	0.503268	FALSE	NA	NA	NA	NA	NA	NA
MN908947.3	15682	T	C	72	26	36	1	0	37	0.0135135	74	0.5	FALSE	NA	NA	NA	NA	NA	NA
MN908947.3	15682	T	A	72	26	36	1	0	37	0.0135135	74	0.5	FALSE	NA	NA	NA	NA	NA	NA
MN908947.3	15685	T	A	72	26	36	1	0	37	0.0136986	73	0.503448	FALSE	NA	NA	NA	NA	NA	NA
MN908947.3	15701	C	A	87	39	38	1	0	37	0.0113636	88	0.502857	FALSE	NA	NA	NA	NA	NA	NA
MN908947.3	15743	G	A	61	34	37	1	0	25	0.016129	62	0.504065	FALSE	NA	NA	NA	NA	NA	NA
MN908947.3	15758	A	C	64	31	37	3	0	37	0.0447761	67	0.124978	FALSE	NA	NA	NA	NA	NA	NA
MN908947.3	15766	G	T	67	24	37	3	0	37	0.0428571	70	0.12498	FALSE	NA	NA	NA	NA	NA	NA
MN908947.3	15791	C	A	78	36	38	1	1	37	0.0126582	79	0.503185	FALSE	NA	NA	NA	NA	NA	NA
MN908947.3	15881	C	T	105	85	37	2	0	37	0.0186916	107	0.251174	FALSE	NA	NA	NA	NA	NA	NA
MN908947.3	15890	C	A	124	92	38	3	0	37	0.023622	127	0.124994	FALSE	NA	NA	NA	NA	NA	NA
MN908947.3	15892	A	C	119	84	38	1	1	25	0.00833333	120	0.753138	FALSE	NA	NA	NA	NA	NA	NA
MN908947.3	15898	G	T	122	82	38	2	0	37	0.016129	124	0.251012	FALSE	NA	NA	NA	NA	NA	NA
MN908947.3	15900	T	G	122	82	38	2	0	37	0.016129	124	0.251012	FALSE	NA	NA	NA	NA	NA	NA
MN908947.3	15946	A	G	79	38	38	1	1	37	0.0125	80	0.503145	FALSE	NA	NA	NA	NA	NA	NA
MN908947.3	15965	G	+T	60	36	39	1	0	20	0.0166667	60	0.508333	FALSE	NA	NA	NA	NA	NA	NA
MN908947.3	15992	A	C	53	38	39	2	0	37	0.0363636	55	0.252294	FALSE	NA	NA	NA	NA	NA	NA
MN908947.3	15993	T	C	54	38	39	1	0	37	0.0181818	55	0.504587	FALSE	NA	NA	NA	NA	NA	NA
MN908947.3	15998	C	T	52	29	39	1	1	37	0.0188679	53	0.504762	FALSE	NA	NA	NA	NA	NA	NA
MN908947.3	16032	A	T	44	28	37	1	1	37	0.0222222	45	0.505618	FALSE	NA	NA	NA	NA	NA	NA
MN908947.3	16072	G	T	53	27	37	1	1	37	0.0185185	54	0.504673	FALSE	NA	NA	NA	NA	NA	NA
MN908947.3	16073	C	T	50	26	37	1	0	37	0.0196078	51	0.50495	FALSE	NA	NA	NA	NA	NA	NA
MN908947.3	16104	A	C	53	34	37	1	0	37	0.0185185	54	0.504673	FALSE	NA	NA	NA	NA	NA	NA
MN908947.3	16199	T	G	54	33	38	1	0	37	0.0181818	55	0.504587	FALSE	NA	NA	NA	NA	NA	NA
MN908947.3	16204	G	C	55	33	38	1	0	37	0.0178571	56	0.504505	FALSE	NA	NA	NA	NA	NA	NA
MN908947.3	16207	G	A	62	32	38	1	1	37	0.015873	63	0.504	FALSE	NA	NA	NA	NA	NA	NA
MN908947.3	16232	T	A	58	24	37	1	0	37	0.0169492	59	0.504274	FALSE	NA	NA	NA	NA	NA	NA
MN908947.3	16277	T	A	62	32	39	1	0	37	0.015873	63	0.504	FALSE	NA	NA	NA	NA	NA	NA
MN908947.3	16286	G	-T	46	31	37	1	0	20	0.0217391	46	0.51087	FALSE	NA	NA	NA	NA	NA	NA
MN908947.3	16415	T	G	54	26	37	1	0	37	0.0181818	55	0.504587	FALSE	NA	NA	NA	NA	NA	NA
MN908947.3	16452	T	C	45	18	36	1	0	37	0.0217391	46	0.505495	FALSE	NA	NA	NA	NA	NA	NA
MN908947.3	16466	C	T	14	8	37	35	16	37	0.714286	49	2.28271e-15	TRUE	NA	NA	NA	NA	NA	NA
MN908947.3	16485	G	-T	46	22	37	1	0	20	0.0217391	46	0.51087	FALSE	NA	NA	NA	NA	NA	NA
MN908947.3	16505	T	A	51	26	37	21	0	37	0.291667	72	1.01143e-07	TRUE	NA	NA	NA	NA	NA	NA
MN908947.3	16519	A	G	68	21	36	1	0	37	0.0144928	69	0.50365	FALSE	NA	NA	NA	NA	NA	NA
MN908947.3	16606	A	C	74	40	37	1	0	37	0.0133333	75	0.503356	FALSE	NA	NA	NA	NA	NA	NA
MN908947.3	16607	A	C	72	41	37	2	0	37	0.027027	74	0.251701	FALSE	NA	NA	NA	NA	NA	NA
MN908947.3	16608	C	T	90	41	37	1	0	37	0.010989	91	0.502762	FALSE	NA	NA	NA	NA	NA	NA
MN908947.3	16611	C	A	84	40	37	3	1	37	0.0344828	87	0.124987	FALSE	NA	NA	NA	NA	NA	NA
MN908947.3	16618	G	A	92	42	37	1	1	37	0.0107527	93	0.502703	FALSE	NA	NA	NA	NA	NA	NA
MN908947.3	16685	G	T	93	68	38	1	1	37	0.0106383	94	0.502674	FALSE	NA	NA	NA	NA	NA	NA
MN908947.3	16694	C	-TG	84	59	38	1	0	20	0.0119048	84	0.505952	FALSE	NA	NA	NA	NA	NA	NA
MN908947.3	16765	A	C	58	30	37	8	0	37	0.121212	66	0.00332034	TRUE	NA	NA	NA	NA	NA	NA
MN908947.3	16811	A	G	59	33	36	1	0	25	0.0166667	60	0.504202	FALSE	NA	NA	NA	NA	NA	NA
MN908947.3	16856	A	G	64	20	38	2	0	37	0.030303	66	0.251908	FALSE	NA	NA	NA	NA	NA	NA
MN908947.3	16871	G	A	112	34	38	4	0	37	0.0344828	116	0.0619482	FALSE	NA	NA	NA	NA	NA	NA
MN908947.3	16886	A	C	144	54	38	1	0	37	0.00689655	145	0.50173	FALSE	NA	NA	NA	NA	NA	NA
MN908947.3	16901	G	T	142	73	39	3	0	37	0.0206897	145	0.124995	FALSE	NA	NA	NA	NA	NA	NA
MN908947.3	16925	A	G	165	91	39	1	0	37	0.0060241	166	0.501511	FALSE	NA	NA	NA	NA	NA	NA
MN908947.3	16953	A	-C	149	78	37	1	0	20	0.00671141	149	0.754186	FALSE	NA	NA	NA	NA	NA	NA
MN908947.3	16977	T	-AG	122	38	37	1	0	20	0.00819672	122	0.75511	FALSE	NA	NA	NA	NA	NA	NA
MN908947.3	17002	C	T	122	32	38	2	0	37	0.016129	124	0.251012	FALSE	NA	NA	NA	NA	NA	NA
MN908947.3	17004	C	T	121	29	38	2	0	37	0.0162602	123	0.25102	FALSE	NA	NA	NA	NA	NA	NA
MN908947.3	17020	T	C	127	44	37	1	1	37	0.0078125	128	0.501961	FALSE	NA	NA	NA	NA	NA	NA
MN908947.3	17046	A	C	102	54	37	1	0	74	0.00970874	103	0.502439	FALSE	NA	NA	NA	NA	NA	NA
MN908947.3	17062	A	C	134	91	38	1	0	37	0.00740741	135	0.501859	FALSE	NA	NA	NA	NA	NA	NA
MN908947.3	17082	A	C	131	88	37	1	1	37	0.00757576	132	0.501901	FALSE	NA	NA	NA	NA	NA	NA
MN908947.3	17095	G	C	162	116	37	1	1	37	0.00613497	163	0.501538	FALSE	NA	NA	NA	NA	NA	NA
MN908947.3	17154	T	-ACAGCTTGCTCTCATGCCGCTGTTGATGC	182	108	38	2	0	20	0.010989	182	0.506181	FALSE	NA	NA	NA	NA	NA	NA
MN908947.3	17190	T	C	149	78	37	11	0	37	0.06875	160	0.000423321	TRUE	NA	NA	NA	NA	NA	NA
MN908947.3	17194	A	C	156	75	37	2	0	37	0.0126582	158	0.250794	FALSE	NA	NA	NA	NA	NA	NA
MN908947.3	17197	G	A	155	69	37	1	1	37	0.00641026	156	0.501608	FALSE	NA	NA	NA	NA	NA	NA
MN908947.3	17201	T	-AA	154	74	37	1	0	20	0.00649351	154	0.754051	FALSE	NA	NA	NA	NA	NA	NA
MN908947.3	17209	T	G	151	70	37	1	1	37	0.00657895	152	0.50165	FALSE	NA	NA	NA	NA	NA	NA
MN908947.3	17219	A	C	158	74	37	16	0	37	0.091954	174	1.11472e-05	TRUE	NA	NA	NA	NA	NA	NA
MN908947.3	17220	T	A	157	74	37	16	0	37	0.0924855	173	1.1126e-05	TRUE	NA	NA	NA	NA	NA	NA
MN908947.3	17224	T	G	174	93	36	4	4	37	0.0224719	178	0.0621434	FALSE	NA	NA	NA	NA	NA	NA
MN908947.3	17227	A	G	173	75	37	1	0	37	0.00574713	174	0.501441	FALSE	NA	NA	NA	NA	NA	NA
MN908947.3	17233	A	G	189	82	38	5	0	34	0.0257732	194	0.0308431	FALSE	NA	NA	NA	NA	NA	NA
MN908947.3	17271	A	T	175	89	38	1	0	37	0.00568182	176	0.501425	FALSE	NA	NA	NA	NA	NA	NA
MN908947.3	17275	A	T	194	108	38	1	0	37	0.00512821	195	0.501285	FALSE	NA	NA	NA	NA	NA	NA
MN908947.3	17286	A	T	192	120	38	5	0	37	0.0253807	197	0.0308494	FALSE	NA	NA	NA	NA	NA	NA
MN908947.3	17352	C	-T	123	73	39	1	0	20	0.00813008	123	0.755069	FALSE	NA	NA	NA	NA	NA	NA
MN908947.3	17366	C	T	173	139	39	1	1	37	0.00574713	174	0.501441	FALSE	NA	NA	NA	NA	NA	NA
MN908947.3	17385	T	+A	213	183	39	1	0	20	0.00469484	213	0.87763	FALSE	NA	NA	NA	NA	NA	NA
MN908947.3	17395	G	A	207	186	38	1	1	74	0.00480769	208	0.501205	FALSE	NA	NA	NA	NA	NA	NA
MN908947.3	17418	G	A	192	171	37	1	1	37	0.00518135	193	0.501299	FALSE	NA	NA	NA	NA	NA	NA
MN908947.3	17435	G	A	119	86	37	3	0	37	0.0245902	122	0.124994	FALSE	NA	NA	NA	NA	NA	NA
MN908947.3	17437	G	A	108	76	37	3	0	37	0.027027	111	0.124992	FALSE	NA	NA	NA	NA	NA	NA
MN908947.3	17449	T	A	136	70	38	1	0	37	0.00729927	137	0.501832	FALSE	NA	NA	NA	NA	NA	NA
MN908947.3	17465	C	A	126	49	38	1	0	37	0.00787402	127	0.501976	FALSE	NA	NA	NA	NA	NA	NA
MN908947.3	17498	A	-T	123	48	39	1	0	20	0.00813008	123	0.755069	FALSE	NA	NA	NA	NA	NA	NA
MN908947.3	17514	T	C	95	55	37	11	0	37	0.103774	106	0.000391936	TRUE	NA	NA	NA	NA	NA	NA
MN908947.3	17535	T	C	101	47	37	1	1	37	0.00980392	102	0.502463	FALSE	NA	NA	NA	NA	NA	NA
MN908947.3	17537	C	T	100	48	37	1	0	37	0.00990099	101	0.502488	FALSE	NA	NA	NA	NA	NA	NA
MN908947.3	17561	G	T	74	34	38	17	0	36	0.184783	92	3.34979e-06	TRUE	NA	NA	NA	NA	NA	NA
MN908947.3	17561	G	A	74	34	38	1	0	37	0.0108696	92	0.451807	FALSE	NA	NA	NA	NA	NA	NA
MN908947.3	17572	G	T	105	46	38	1	1	37	0.00943396	106	0.50237	FALSE	NA	NA	NA	NA	NA	NA
MN908947.3	17577	A	G	105	48	38	1	1	37	0.00943396	106	0.50237	FALSE	NA	NA	NA	NA	NA	NA
MN908947.3	17588	C	A	100	48	38	1	0	37	0.00990099	101	0.502488	FALSE	NA	NA	NA	NA	NA	NA
MN908947.3	17593	A	C	98	42	38	4	0	37	0.0392157	102	0.0618705	FALSE	NA	NA	NA	NA	NA	NA
MN908947.3	17615	A	G	91	52	38	1	1	37	0.0108696	92	0.502732	FALSE	NA	NA	NA	NA	NA	NA
MN908947.3	17636	A	T	101	66	38	1	0	37	0.00980392	102	0.502463	FALSE	NA	NA	NA	NA	NA	NA
MN908947.3	17637	A	C	101	66	38	1	0	37	0.00980392	102	0.502463	FALSE	NA	NA	NA	NA	NA	NA
MN908947.3	17644	C	-A	109	67	38	1	0	20	0.00917431	109	0.755718	FALSE	NA	NA	NA	NA	NA	NA
MN908947.3	17699	T	A	95	52	37	1	1	37	0.0104167	96	0.502618	FALSE	NA	NA	NA	NA	NA	NA
MN908947.3	17711	A	C	128	54	37	1	0	37	0.00775194	129	0.501946	FALSE	NA	NA	NA	NA	NA	NA
MN908947.3	17730	A	T	130	57	38	1	0	37	0.00763359	131	0.501916	FALSE	NA	NA	NA	NA	NA	NA
MN908947.3	17762	C	T	115	53	39	1	0	37	0.00862069	116	0.502165	FALSE	NA	NA	NA	NA	NA	NA
MN908947.3	17788	C	T	97	66	39	1	0	37	0.0102041	98	0.502564	FALSE	NA	NA	NA	NA	NA	NA
MN908947.3	17809	A	-TT	147	118	39	1	0	20	0.00680272	147	0.754243	FALSE	NA	NA	NA	NA	NA	NA
MN908947.3	17853	A	-G	142	108	36	1	0	20	0.00704225	142	0.754392	FALSE	NA	NA	NA	NA	NA	NA
MN908947.3	17898	C	T	91	39	38	1	0	37	0.0108696	92	0.502732	FALSE	NA	NA	NA	NA	NA	NA
MN908947.3	17908	G	A	91	38	38	1	0	37	0.0108696	92	0.502732	FALSE	NA	NA	NA	NA	NA	NA
MN908947.3	17927	C	G	66	33	37	1	1	37	0.0149254	67	0.503759	FALSE	NA	NA	NA	NA	NA	NA
MN908947.3	17932	A	C	86	37	37	1	1	37	0.0114943	87	0.50289	FALSE	NA	NA	NA	NA	NA	NA
MN908947.3	17934	C	A	93	37	37	3	0	37	0.03125	96	0.12499	FALSE	NA	NA	NA	NA	NA	NA
MN908947.3	17939	C	T	98	36	37	1	0	37	0.010101	99	0.502538	FALSE	NA	NA	NA	NA	NA	NA
MN908947.3	17942	A	C	96	35	37	1	0	37	0.0103093	97	0.502591	FALSE	NA	NA	NA	NA	NA	NA
MN908947.3	17944	G	T	101	36	37	1	0	37	0.00980392	102	0.502463	FALSE	NA	NA	NA	NA	NA	NA
MN908947.3	17946	A	G	98	32	37	1	1	37	0.010101	99	0.502538	FALSE	NA	NA	NA	NA	NA	NA
MN908947.3	17957	G	C	96	42	37	1	1	37	0.0103093	97	0.502591	FALSE	NA	NA	NA	NA	NA	NA
MN908947.3	17977	C	T	98	38	37	1	1	25	0.010101	99	0.502538	FALSE	NA	NA	NA	NA	NA	NA
MN908947.3	18010	A	T	90	55	37	1	1	37	0.010989	91	0.502762	FALSE	NA	NA	NA	NA	NA	NA
MN908947.3	18013	C	G	93	58	38	1	0	37	0.0106383	94	0.502674	FALSE	NA	NA	NA	NA	NA	NA
MN908947.3	18062	T	A	118	94	38	1	0	37	0.00840336	119	0.50211	FALSE	NA	NA	NA	NA	NA	NA
MN908947.3	18063	T	-A	119	94	38	1	0	20	0.00840336	119	0.755239	FALSE	NA	NA	NA	NA	NA	NA
MN908947.3	18065	A	T	113	90	38	1	1	37	0.00877193	114	0.502203	FALSE	NA	NA	NA	NA	NA	NA
MN908947.3	18069	T	C	106	83	38	1	1	37	0.00934579	107	0.502347	FALSE	NA	NA	NA	NA	NA	NA
MN908947.3	18074	G	A	107	85	38	1	0	25	0.00925926	108	0.753488	FALSE	NA	NA	NA	NA	NA	NA
MN908947.3	18095	A	G	115	72	37	2	1	37	0.017094	117	0.251073	FALSE	NA	NA	NA	NA	NA	NA
MN908947.3	18097	C	T	109	68	37	1	0	37	0.00909091	110	0.502283	FALSE	NA	NA	NA	NA	NA	NA
MN908947.3	18147	A	G	113	59	40	4	0	46	0.034188	117	0.0619531	FALSE	NA	NA	NA	NA	NA	NA
MN908947.3	18148	G	T	118	60	41	1	0	37	0.00840336	119	0.50211	FALSE	NA	NA	NA	NA	NA	NA
MN908947.3	18163	A	G	91	46	39	19	13	37	0.172727	110	8.92447e-07	TRUE	NA	NA	NA	NA	NA	NA
MN908947.3	18179	A	C	111	72	38	1	0	37	0.00892857	112	0.502242	FALSE	NA	NA	NA	NA	NA	NA
MN908947.3	18194	G	C	93	64	38	1	1	37	0.0106383	94	0.502674	FALSE	NA	NA	NA	NA	NA	NA
MN908947.3	18264	C	G	52	42	37	1	1	25	0.0188679	53	0.504762	FALSE	NA	NA	NA	NA	NA	NA
MN908947.3	18280	A	-G	61	47	37	1	0	20	0.0163934	61	0.508197	FALSE	NA	NA	NA	NA	NA	NA
MN908947.3	18281	G	A	61	47	37	1	0	37	0.016129	62	0.5	FALSE	NA	NA	NA	NA	NA	NA
MN908947.3	18312	C	A	66	37	38	1	0	37	0.0149254	67	0.503759	FALSE	NA	NA	NA	NA	NA	NA
MN908947.3	18315	G	C	80	39	37	1	1	37	0.0123457	81	0.503106	FALSE	NA	NA	NA	NA	NA	NA
MN908947.3	18344	G	T	110	52	38	1	1	37	0.00900901	111	0.502262	FALSE	NA	NA	NA	NA	NA	NA
MN908947.3	18345	T	+A	112	53	38	1	0	20	0.00892857	112	0.755565	FALSE	NA	NA	NA	NA	NA	NA
MN908947.3	18392	T	C	93	77	37	3	0	37	0.03125	96	0.12499	FALSE	NA	NA	NA	NA	NA	NA
MN908947.3	18407	G	T	97	71	38	1	0	37	0.0102041	98	0.502564	FALSE	NA	NA	NA	NA	NA	NA
MN908947.3	18474	A	C	59	35	37	1	1	25	0.0166667	60	0.504202	FALSE	NA	NA	NA	NA	NA	NA
MN908947.3	18555	C	T	18	7	37	39	21	37	0.684211	57	9.3846e-17	TRUE	NA	NA	NA	NA	NA	NA
MN908947.3	18564	A	C	57	30	39	1	0	37	0.0172414	58	0.504348	FALSE	NA	NA	NA	NA	NA	NA
MN908947.3	18596	G	A	58	39	41	1	0	37	0.0169492	59	0.504274	FALSE	NA	NA	NA	NA	NA	NA
MN908947.3	18597	G	C	58	39	41	1	0	37	0.0169492	59	0.504274	FALSE	NA	NA	NA	NA	NA	NA
MN908947.3	18637	A	G	46	36	37	1	0	37	0.0212766	47	0.505376	FALSE	NA	NA	NA	NA	NA	NA
MN908947.3	18680	C	T	40	20	38	1	1	37	0.0243902	41	0.506173	FALSE	NA	NA	NA	NA	NA	NA
MN908947.3	18697	G	A	45	22	37	1	0	37	0.0217391	46	0.505495	FALSE	NA	NA	NA	NA	NA	NA
MN908947.3	18703	G	T	47	22	37	2	0	37	0.0408163	49	0.252577	FALSE	NA	NA	NA	NA	NA	NA
MN908947.3	18837	T	G	60	28	37	1	0	25	0.0163934	61	0.504132	FALSE	NA	NA	NA	NA	NA	NA
MN908947.3	18848	C	G	79	28	37	11	0	37	0.122222	90	0.000375877	TRUE	NA	NA	NA	NA	NA	NA
MN908947.3	18867	G	A	97	33	37	2	0	37	0.020202	99	0.251269	FALSE	NA	NA	NA	NA	NA	NA
MN908947.3	18885	C	A	107	31	39	1	1	37	0.00925926	108	0.502326	FALSE	NA	NA	NA	NA	NA	NA
MN908947.3	18937	G	T	61	27	38	1	0	37	0.016129	62	0.504065	FALSE	NA	NA	NA	NA	NA	NA
MN908947.3	18996	T	C	73	54	37	1	0	37	0.0135135	74	0.503401	FALSE	NA	NA	NA	NA	NA	NA
MN908947.3	19011	C	-A	75	57	37	1	0	20	0.0133333	75	0.506667	FALSE	NA	NA	NA	NA	NA	NA
MN908947.3	19025	T	A	82	54	37	5	0	37	0.0574713	87	0.0303311	FALSE	NA	NA	NA	NA	NA	NA
MN908947.3	19030	G	C	96	61	37	1	0	37	0.0103093	97	0.502591	FALSE	NA	NA	NA	NA	NA	NA
MN908947.3	19034	T	C	99	63	37	1	0	37	0.01	100	0.502513	FALSE	NA	NA	NA	NA	NA	NA
MN908947.3	19114	A	G	57	37	37	1	1	37	0.0172414	58	0.504348	FALSE	NA	NA	NA	NA	NA	NA
MN908947.3	19170	C	T	28	17	36	1	0	37	0.0344828	29	0.508772	FALSE	NA	NA	NA	NA	NA	NA
MN908947.3	19208	A	T	36	15	36	1	0	37	0.027027	37	0.506849	FALSE	NA	NA	NA	NA	NA	NA
MN908947.3	19220	C	T	5	3	37	26	9	36	0.83871	31	1.39498e-12	TRUE	NA	NA	NA	NA	NA	NA
MN908947.3	19262	A	C	43	22	37	2	0	37	0.0444444	45	0.252809	FALSE	NA	NA	NA	NA	NA	NA
MN908947.3	19283	A	C	39	24	37	1	1	25	0.025	40	0.506329	FALSE	NA	NA	NA	NA	NA	NA
MN908947.3	19318	C	A	37	20	39	1	1	37	0.0263158	38	0.506667	FALSE	NA	NA	NA	NA	NA	NA
MN908947.3	19324	C	+GG	45	22	38	1	0	20	0.0222222	45	0.511111	FALSE	NA	NA	NA	NA	NA	NA
MN908947.3	19346	T	A	32	15	37	1	0	37	0.030303	33	0.507692	FALSE	NA	NA	NA	NA	NA	NA
MN908947.3	19351	A	T	32	16	37	1	0	37	0.030303	33	0.507692	FALSE	NA	NA	NA	NA	NA	NA
MN908947.3	19356	A	G	32	16	36	1	0	37	0.030303	33	0.507692	FALSE	NA	NA	NA	NA	NA	NA
MN908947.3	19541	T	-G	59	19	37	1	0	20	0.0169492	59	0.508475	FALSE	NA	NA	NA	NA	NA	NA
MN908947.3	19623	T	G	18	14	39	1	0	37	0.0526316	19	0.513514	FALSE	NA	NA	NA	NA	NA	NA
MN908947.3	19653	T	C	31	21	38	1	0	37	0.03125	32	0.507937	FALSE	NA	NA	NA	NA	NA	NA
MN908947.3	19673	A	G	58	28	38	1	0	37	0.0169492	59	0.504274	FALSE	NA	NA	NA	NA	NA	NA
MN908947.3	19695	T	C	61	21	38	1	1	37	0.016129	62	0.504065	FALSE	NA	NA	NA	NA	NA	NA
MN908947.3	19717	A	-C	74	20	38	1	0	20	0.0135135	74	0.506757	FALSE	NA	NA	NA	NA	NA	NA
MN908947.3	19751	A	T	55	23	38	1	0	37	0.0178571	56	0.504505	FALSE	NA	NA	NA	NA	NA	NA
MN908947.3	19787	A	G	53	37	38	1	1	37	0.0185185	54	0.504673	FALSE	NA	NA	NA	NA	NA	NA
MN908947.3	19809	T	-A	70	47	38	1	0	20	0.0142857	70	0.507143	FALSE	NA	NA	NA	NA	NA	NA
MN908947.3	19812	A	C	69	48	36	3	0	37	0.0416667	72	0.124981	FALSE	NA	NA	NA	NA	NA	NA
MN908947.3	19827	G	T	78	49	36	2	0	37	0.025	80	0.251572	FALSE	NA	NA	NA	NA	NA	NA
MN908947.3	19846	G	T	79	45	38	1	1	37	0.0125	80	0.503145	FALSE	NA	NA	NA	NA	NA	NA
MN908947.3	19899	A	T	63	34	38	1	1	37	0.015625	64	0.503937	FALSE	NA	NA	NA	NA	NA	NA
MN908947.3	19910	C	T	72	41	38	1	1	37	0.0136986	73	0.503448	FALSE	NA	NA	NA	NA	NA	NA
MN908947.3	19911	T	-A	76	44	38	1	0	20	0.0131579	76	0.506579	FALSE	NA	NA	NA	NA	NA	NA
MN908947.3	19918	G	-GT	73	41	39	1	0	20	0.0136986	73	0.506849	FALSE	NA	NA	NA	NA	NA	NA
MN908947.3	19983	C	T	56	30	40	1	1	37	0.0175439	57	0.504425	FALSE	NA	NA	NA	NA	NA	NA
MN908947.3	19983	C	-T	56	30	40	1	0	20	0.0175439	57	0.504425	FALSE	NA	NA	NA	NA	NA	NA
MN908947.3	19983	C	+T	56	30	40	2	0	20	0.0350877	57	0.256637	FALSE	NA	NA	NA	NA	NA	NA
MN908947.3	19985	T	C	53	28	40	1	0	37	0.0185185	54	0.504673	FALSE	NA	NA	NA	NA	NA	NA
MN908947.3	20003	A	G	60	32	40	1	0	37	0.0163934	61	0.504132	FALSE	NA	NA	NA	NA	NA	NA
MN908947.3	20063	T	C	61	54	38	1	1	37	0.016129	62	0.504065	FALSE	NA	NA	NA	NA	NA	NA
MN908947.3	20079	A	T	51	47	38	3	0	37	0.0555556	54	0.124967	FALSE	NA	NA	NA	NA	NA	NA
MN908947.3	20086	G	C	65	54	37	1	1	37	0.0151515	66	0.503817	FALSE	NA	NA	NA	NA	NA	NA
MN908947.3	20125	G	T	53	29	39	1	1	37	0.0185185	54	0.504673	FALSE	NA	NA	NA	NA	NA	NA
MN908947.3	20176	G	T	64	48	37	1	0	37	0.0153846	65	0.503876	FALSE	NA	NA	NA	NA	NA	NA
MN908947.3	20198	A	T	48	33	37	3	0	37	0.0588235	51	0.124962	FALSE	NA	NA	NA	NA	NA	NA
MN908947.3	20501	T	A	33	8	39	1	0	25	0.0294118	34	0.507463	FALSE	NA	NA	NA	NA	NA	NA
MN908947.3	20530	G	A	27	11	39	1	0	37	0.0357143	28	0.509091	FALSE	NA	NA	NA	NA	NA	NA
MN908947.3	20564	C	T	22	19	38	1	1	37	0.0434783	23	0.511111	FALSE	NA	NA	NA	NA	NA	NA
MN908947.3	20600	T	C	27	17	38	1	0	37	0.0357143	28	0.509091	FALSE	NA	NA	NA	NA	NA	NA
MN908947.3	20604	A	G	26	17	38	1	0	37	0.037037	27	0.509434	FALSE	NA	NA	NA	NA	NA	NA
MN908947.3	20648	C	+A	31	20	37	1	0	20	0.0322581	31	0.516129	FALSE	NA	NA	NA	NA	NA	NA
MN908947.3	20658	A	C	30	17	36	1	0	37	0.0322581	31	0.508197	FALSE	NA	NA	NA	NA	NA	NA
MN908947.3	20697	T	C	40	22	39	2	2	37	0.047619	42	0.253012	FALSE	NA	NA	NA	NA	NA	NA
MN908947.3	20730	G	A	48	25	39	1	1	37	0.0204082	49	0.505155	FALSE	NA	NA	NA	NA	NA	NA
MN908947.3	20788	G	A	36	22	37	1	1	37	0.027027	37	0.506849	FALSE	NA	NA	NA	NA	NA	NA
MN908947.3	20823	C	G	34	20	36	1	1	25	0.0285714	35	0.507246	FALSE	NA	NA	NA	NA	NA	NA
MN908947.3	20873	C	T	31	16	37	1	1	37	0.03125	32	0.507937	FALSE	NA	NA	NA	NA	NA	NA
MN908947.3	20912	T	A	42	12	37	1	0	37	0.0232558	43	0.505882	FALSE	NA	NA	NA	NA	NA	NA
MN908947.3	21045	T	C	31	17	37	1	0	37	0.03125	32	0.507937	FALSE	NA	NA	NA	NA	NA	NA
MN908947.3	21055	G	A	38	14	36	4	0	37	0.0952381	42	0.0609103	FALSE	NA	NA	NA	NA	NA	NA
MN908947.3	21069	A	T	51	18	39	1	0	37	0.0192308	52	0.504854	FALSE	NA	NA	NA	NA	NA	NA
MN908947.3	21139	C	A	53	36	38	1	0	37	0.0185185	54	0.504673	FALSE	NA	NA	NA	NA	NA	NA
MN908947.3	21184	T	C	73	50	36	1	1	25	0.0135135	74	0.503401	FALSE	NA	NA	NA	NA	NA	NA
MN908947.3	21203	A	G	67	44	37	2	0	37	0.0289855	69	0.251825	FALSE	NA	NA	NA	NA	NA	NA
MN908947.3	21249	G	T	70	23	38	1	0	37	0.0135135	74	0.493056	FALSE	NA	NA	NA	NA	NA	NA
MN908947.3	21249	G	A	70	23	38	3	0	37	0.0405405	74	0.122414	FALSE	NA	NA	NA	NA	NA	NA
MN908947.3	21251	A	G	75	24	38	1	0	37	0.0131579	76	0.503311	FALSE	NA	NA	NA	NA	NA	NA
MN908947.3	21316	G	T	76	35	37	1	1	37	0.012987	77	0.503268	FALSE	NA	NA	NA	NA	NA	NA
MN908947.3	21345	A	C	67	30	36	2	0	37	0.0289855	69	0.251825	FALSE	NA	NA	NA	NA	NA	NA
MN908947.3	21372	G	T	22	9	37	67	30	37	0.752809	89	6.65914e-30	TRUE	NA	NA	NA	NA	NA	NA
MN908947.3	21395	A	C	62	37	37	2	0	37	0.03125	64	0.251969	FALSE	NA	NA	NA	NA	NA	NA
MN908947.3	21404	A	T	69	40	37	1	0	37	0.0142857	70	0.503597	FALSE	NA	NA	NA	NA	NA	NA
MN908947.3	21432	T	C	62	38	37	1	1	37	0.015873	63	0.504	FALSE	NA	NA	NA	NA	NA	NA
MN908947.3	21447	A	G	53	30	37	1	1	25	0.0185185	54	0.504673	FALSE	NA	NA	NA	NA	NA	NA
MN908947.3	21533	G	A	102	60	39	7	0	37	0.0642202	109	0.00730863	TRUE	NA	NA	NA	NA	NA	NA
MN908947.3	21535	G	T	110	63	39	2	0	37	0.0178571	112	0.251121	FALSE	NA	NA	NA	NA	NA	NA
MN908947.3	21572	T	C	141	105	39	1	1	25	0.00704225	142	0.75265	FALSE	NA	NA	NA	NA	NA	NA
MN908947.3	21575	C	T	140	108	38	1	1	37	0.0070922	141	0.501779	FALSE	NA	NA	NA	NA	NA	NA
MN908947.3	21618	C	G	31	26	39	49	38	37	0.6125	80	4.69124e-20	TRUE	NA	NA	NA	NA	NA	NA
MN908947.3	21638	C	T	53	32	37	1	0	37	0.0185185	54	0.504673	FALSE	NA	NA	NA	NA	NA	NA
MN908947.3	21640	T	G	56	32	37	1	0	25	0.0175439	57	0.504425	FALSE	NA	NA	NA	NA	NA	NA
MN908947.3	21762	C	T	31	24	38	4	4	37	0.114286	35	0.0605667	FALSE	NA	NA	NA	NA	NA	NA
MN908947.3	21764	A	-TACATG	36	27	39	4	0	20	0.111111	36	0.0751903	FALSE	NA	NA	NA	NA	NA	NA
MN908947.3	21846	C	T	0	0	0	28	16	39	1	28	2.61483e-16	TRUE	NA	NA	NA	NA	NA	NA
MN908947.3	21949	A	C	9	5	41	1	0	37	0.1	10	0.526316	FALSE	NA	NA	NA	NA	NA	NA
MN908947.3	21962	C	T	14	9	39	1	1	37	0.0666667	15	0.517241	FALSE	NA	NA	NA	NA	NA	NA
MN908947.3	21986	G	-GTGTTTATT	14	12	37	1	0	20	0.0714286	14	0.535714	FALSE	NA	NA	NA	NA	NA	NA
MN908947.3	21987	G	A	0	0	0	13	11	37	1	13	1.92297e-07	TRUE	NA	NA	NA	NA	NA	NA
MN908947.3	22028	G	-AGTTCA	12	9	37	8	0	20	0.666667	12	0.0159684	FALSE	NA	NA	NA	NA	NA	NA
MN908947.3	22029	A	G	1	1	37	1	1	37	0.5	2	0.181818	FALSE	NA	NA	NA	NA	NA	NA
MN908947.3	22094	G	T	10	4	37	1	0	37	0.0909091	11	0.52381	FALSE	NA	NA	NA	NA	NA	NA
MN908947.3	22178	A	T	19	13	36	1	0	37	0.05	20	0.512821	FALSE	NA	NA	NA	NA	NA	NA
MN908947.3	22193	A	-ATT	19	12	37	3	0	20	0.157895	19	0.15587	FALSE	NA	NA	NA	NA	NA	NA
MN908947.3	22224	C	G	32	8	37	1	0	37	0.030303	33	0.507692	FALSE	NA	NA	NA	NA	NA	NA
MN908947.3	22270	T	C	39	13	38	4	4	37	0.0930233	43	0.0609497	FALSE	NA	NA	NA	NA	NA	NA
MN908947.3	22289	G	C	37	24	39	1	1	37	0.0263158	38	0.506667	FALSE	NA	NA	NA	NA	NA	NA
MN908947.3	22322	T	-C	53	21	37	1	0	20	0.0188679	53	0.509434	FALSE	NA	NA	NA	NA	NA	NA
MN908947.3	22343	G	T	46	18	37	1	0	37	0.0212766	47	0.505376	FALSE	NA	NA	NA	NA	NA	NA
MN908947.3	22366	T	C	56	31	38	1	1	37	0.0175439	57	0.504425	FALSE	NA	NA	NA	NA	NA	NA
MN908947.3	22377	C	-T	59	36	37	1	0	20	0.0169492	59	0.508475	FALSE	NA	NA	NA	NA	NA	NA
MN908947.3	22379	A	G	56	34	37	1	0	37	0.0175439	57	0.504425	FALSE	NA	NA	NA	NA	NA	NA
MN908947.3	22428	T	C	53	35	39	2	0	37	0.0363636	55	0.252294	FALSE	NA	NA	NA	NA	NA	NA
MN908947.3	22447	T	C	43	22	40	1	0	37	0.0227273	44	0.505747	FALSE	NA	NA	NA	NA	NA	NA
MN908947.3	22531	A	G	32	21	39	1	0	37	0.030303	33	0.507692	FALSE	NA	NA	NA	NA	NA	NA
MN908947.3	22549	T	C	37	27	37	1	0	37	0.0263158	38	0.506667	FALSE	NA	NA	NA	NA	NA	NA
MN908947.3	22578	G	A	25	18	38	15	10	41	0.375	40	7.46068e-06	TRUE	NA	NA	NA	NA	NA	NA
MN908947.3	22595	A	C	40	29	39	1	1	25	0.0243902	41	0.506173	FALSE	NA	NA	NA	NA	NA	NA
MN908947.3	22619	T	-G	37	34	39	1	0	20	0.027027	37	0.513514	FALSE	NA	NA	NA	NA	NA	NA
MN908947.3	22656	A	C	29	17	34	1	0	37	0.0333333	30	0.508475	FALSE	NA	NA	NA	NA	NA	NA
MN908947.3	22673	T	C	17	6	37	6	4	43	0.26087	23	0.0123936	FALSE	NA	NA	NA	NA	NA	NA
MN908947.3	22674	C	T	18	7	37	7	4	42	0.28	25	0.005596	TRUE	NA	NA	NA	NA	NA	NA
MN908947.3	22679	T	C	16	5	36	7	4	42	0.304348	23	0.00540236	TRUE	NA	NA	NA	NA	NA	NA
MN908947.3	22686	C	T	16	5	37	7	5	37	0.304348	23	0.00540236	TRUE	NA	NA	NA	NA	NA	NA
MN908947.3	22750	T	C	6	5	43	11	5	37	0.647059	17	6.39465e-05	TRUE	NA	NA	NA	NA	NA	NA
MN908947.3	22763	G	A	21	14	38	1	0	37	0.0454545	22	0.511628	FALSE	NA	NA	NA	NA	NA	NA
MN908947.3	22813	G	T	27	10	37	9	3	37	0.25	36	0.00126411	TRUE	NA	NA	NA	NA	NA	NA
MN908947.3	22863	T	A	24	12	37	2	0	37	0.0769231	26	0.254902	FALSE	NA	NA	NA	NA	NA	NA
MN908947.3	22882	T	G	10	7	35	2	1	37	0.166667	12	0.26087	FALSE	NA	NA	NA	NA	NA	NA
MN908947.3	22898	G	A	11	5	37	2	1	37	0.153846	13	0.26	FALSE	NA	NA	NA	NA	NA	NA
MN908947.3	22917	T	G	4	4	37	19	5	36	0.76	25	1.26986e-09	TRUE	NA	NA	NA	NA	NA	NA
MN908947.3	22917	T	A	4	4	37	2	0	37	0.08	25	0.0344828	FALSE	NA	NA	NA	NA	NA	NA
MN908947.3	22925	T	G	31	13	36	1	0	37	0.03125	32	0.507937	FALSE	NA	NA	NA	NA	NA	NA
MN908947.3	22992	G	A	32	16	40	5	4	37	0.135135	37	0.0290205	FALSE	NA	NA	NA	NA	NA	NA
MN908947.3	22995	C	A	0	0	0	41	24	39	1	41	4.70827e-24	TRUE	NA	NA	NA	NA	NA	NA
MN908947.3	23013	A	C	39	20	39	6	4	37	0.133333	45	0.0140165	FALSE	NA	NA	NA	NA	NA	NA
MN908947.3	23030	T	A	47	36	37	1	0	37	0.0208333	48	0.505263	FALSE	NA	NA	NA	NA	NA	NA
MN908947.3	23040	A	G	45	33	38	3	2	37	0.0625	48	0.124958	FALSE	NA	NA	NA	NA	NA	NA
MN908947.3	23046	A	C	59	41	38	1	0	37	0.0166667	60	0.504202	FALSE	NA	NA	NA	NA	NA	NA
MN908947.3	23048	G	A	57	40	38	3	1	37	0.05	60	0.124973	FALSE	NA	NA	NA	NA	NA	NA
MN908947.3	23055	A	G	55	36	38	3	2	49	0.0517241	58	0.124971	FALSE	NA	NA	NA	NA	NA	NA
MN908947.3	23063	A	T	61	37	38	3	2	49	0.046875	64	0.124976	FALSE	NA	NA	NA	NA	NA	NA
MN908947.3	23068	T	A	60	34	37	1	0	37	0.0163934	61	0.504132	FALSE	NA	NA	NA	NA	NA	NA
MN908947.3	23075	T	C	53	32	38	3	1	37	0.0535714	56	0.124969	FALSE	NA	NA	NA	NA	NA	NA
MN908947.3	23126	G	A	97	18	38	1	0	37	0.0102041	98	0.502564	FALSE	NA	NA	NA	NA	NA	NA
MN908947.3	23193	A	G	69	55	37	1	1	37	0.0142857	70	0.503597	FALSE	NA	NA	NA	NA	NA	NA
MN908947.3	23202	C	A	59	48	36	10	9	37	0.144928	69	0.000741559	TRUE	NA	NA	NA	NA	NA	NA
MN908947.3	23210	G	T	82	58	36	4	0	37	0.0465116	86	0.0617495	FALSE	NA	NA	NA	NA	NA	NA
MN908947.3	23211	G	T	86	61	36	4	0	37	0.0444444	90	0.0617839	FALSE	NA	NA	NA	NA	NA	NA
MN908947.3	23216	C	T	94	60	37	4	0	37	0.0408163	98	0.061844	FALSE	NA	NA	NA	NA	NA	NA
MN908947.3	23234	A	C	92	46	38	2	0	37	0.0212766	94	0.251337	FALSE	NA	NA	NA	NA	NA	NA
MN908947.3	23239	T	G	98	49	38	4	0	37	0.0392157	102	0.0618705	FALSE	NA	NA	NA	NA	NA	NA
MN908947.3	23264	G	A	112	51	38	14	1	42	0.111111	126	4.41174e-05	TRUE	NA	NA	NA	NA	NA	NA
MN908947.3	23267	A	T	117	53	39	13	0	38	0.1	130	9.37476e-05	TRUE	NA	NA	NA	NA	NA	NA
MN908947.3	23270	G	A	140	53	39	1	1	37	0.0070922	141	0.501779	FALSE	NA	NA	NA	NA	NA	NA
MN908947.3	23275	C	-A	133	51	39	1	0	20	0.0075188	133	0.754689	FALSE	NA	NA	NA	NA	NA	NA
MN908947.3	23356	A	+ACACTG	133	94	37	1	0	20	0.0075188	133	0.754689	FALSE	NA	NA	NA	NA	NA	NA
MN908947.3	23362	A	T	119	77	37	1	0	74	0.00833333	120	0.502092	FALSE	NA	NA	NA	NA	NA	NA
MN908947.3	23378	A	G	114	77	37	1	1	37	0.00869565	115	0.502183	FALSE	NA	NA	NA	NA	NA	NA
MN908947.3	23403	A	G	0	0	0	112	79	37	1	112	1.39309e-66	TRUE	NA	NA	NA	NA	NA	NA
MN908947.3	23418	A	C	118	60	37	1	0	37	0.00840336	119	0.50211	FALSE	NA	NA	NA	NA	NA	NA
MN908947.3	23442	A	T	89	54	37	1	0	37	0.0111111	90	0.502793	FALSE	NA	NA	NA	NA	NA	NA
MN908947.3	23486	G	T	88	67	37	1	0	37	0.011236	89	0.502825	FALSE	NA	NA	NA	NA	NA	NA
MN908947.3	23500	T	C	104	67	37	11	0	37	0.0956522	115	0.000399109	TRUE	NA	NA	NA	NA	NA	NA
MN908947.3	23505	G	T	117	73	37	4	1	37	0.0330579	121	0.0619716	FALSE	NA	NA	NA	NA	NA	NA
MN908947.3	23512	A	G	130	72	38	1	0	37	0.00763359	131	0.501916	FALSE	NA	NA	NA	NA	NA	NA
MN908947.3	23514	T	A	133	73	37	1	0	37	0.00746269	134	0.501873	FALSE	NA	NA	NA	NA	NA	NA
MN908947.3	23525	C	T	106	47	37	35	18	36	0.248227	141	2.97878e-12	TRUE	NA	NA	NA	NA	NA	NA
MN908947.3	23526	A	G	134	60	38	2	0	37	0.0147059	136	0.250923	FALSE	NA	NA	NA	NA	NA	NA
MN908947.3	23540	T	C	144	61	38	1	1	37	0.00689655	145	0.50173	FALSE	NA	NA	NA	NA	NA	NA
MN908947.3	23553	T	C	155	60	38	1	0	37	0.00641026	156	0.501608	FALSE	NA	NA	NA	NA	NA	NA
MN908947.3	23554	A	G	154	58	37	2	0	31	0.0128205	156	0.250804	FALSE	NA	NA	NA	NA	NA	NA
MN908947.3	23555	C	T	158	59	38	1	0	37	0.00628931	159	0.501577	FALSE	NA	NA	NA	NA	NA	NA
MN908947.3	23558	A	-TTGGTGCAGGTATATGCGCTAG	158	57	38	1	0	20	0.00632911	158	0.753948	FALSE	NA	NA	NA	NA	NA	NA
MN908947.3	23575	C	T	135	53	37	1	1	37	0.00735294	136	0.5	FALSE	NA	NA	NA	NA	NA	NA
MN908947.3	23599	T	G	89	38	38	38	26	39	0.299213	127	1.63647e-13	TRUE	NA	NA	NA	NA	NA	NA
MN908947.3	23604	C	G	0	0	0	85	37	39	0.708333	120	1.18428e-59	TRUE	NA	NA	NA	NA	NA	NA
MN908947.3	23604	C	A	0	0	0	35	24	38	0.291667	120	1.86431e-35	TRUE	NA	NA	NA	NA	NA	NA
MN908947.3	23617	T	G	127	74	38	1	0	25	0.0078125	128	0.752941	FALSE	NA	NA	NA	NA	NA	NA
MN908947.3	23635	C	T	138	108	40	1	1	37	0.00719424	139	0.501805	FALSE	NA	NA	NA	NA	NA	NA
MN908947.3	23652	T	C	121	85	39	12	0	37	0.0902256	133	0.000197253	TRUE	NA	NA	NA	NA	NA	NA
MN908947.3	23659	T	A	118	72	39	1	0	37	0.00840336	119	0.50211	FALSE	NA	NA	NA	NA	NA	NA
MN908947.3	23660	G	C	114	68	39	1	0	37	0.00869565	115	0.502183	FALSE	NA	NA	NA	NA	NA	NA
MN908947.3	23684	T	A	134	87	37	1	0	37	0.00740741	135	0.501859	FALSE	NA	NA	NA	NA	NA	NA
MN908947.3	23686	T	C	132	81	37	1	1	62	0.0075188	133	0.501887	FALSE	NA	NA	NA	NA	NA	NA
MN908947.3	23687	A	G	131	81	37	1	0	37	0.00757576	132	0.501901	FALSE	NA	NA	NA	NA	NA	NA
MN908947.3	23709	C	-AA	95	45	38	1	0	20	0.0105263	95	0.505263	FALSE	NA	NA	NA	NA	NA	NA
MN908947.3	23716	T	C	93	52	37	1	1	37	0.0106383	94	0.502674	FALSE	NA	NA	NA	NA	NA	NA
MN908947.3	23722	T	A	94	58	37	1	0	37	0.0105263	95	0.502646	FALSE	NA	NA	NA	NA	NA	NA
MN908947.3	23743	A	G	91	71	37	1	1	37	0.0108696	92	0.502732	FALSE	NA	NA	NA	NA	NA	NA
MN908947.3	23795	G	A	97	59	38	1	0	37	0.0102041	98	0.502564	FALSE	NA	NA	NA	NA	NA	NA
MN908947.3	23804	G	A	109	61	38	1	1	37	0.00909091	110	0.502283	FALSE	NA	NA	NA	NA	NA	NA
MN908947.3	23847	A	G	100	71	38	1	1	74	0.00990099	101	0.502488	FALSE	NA	NA	NA	NA	NA	NA
MN908947.3	23854	C	A	79	57	38	24	19	36	0.23301	103	1.48067e-08	TRUE	NA	NA	NA	NA	NA	NA
MN908947.3	23855	C	T	76	53	37	1	1	37	0.012987	77	0.503268	FALSE	NA	NA	NA	NA	NA	NA
MN908947.3	23865	C	T	70	49	38	1	0	37	0.0140845	71	0.503546	FALSE	NA	NA	NA	NA	NA	NA
MN908947.3	23910	C	T	51	29	38	1	0	37	0.0192308	52	0.504854	FALSE	NA	NA	NA	NA	NA	NA
MN908947.3	23948	G	T	43	23	37	10	6	37	0.188679	53	0.000675915	TRUE	NA	NA	NA	NA	NA	NA
MN908947.3	23973	A	C	43	26	37	1	1	37	0.0227273	44	0.505747	FALSE	NA	NA	NA	NA	NA	NA
MN908947.3	24010	A	T	65	45	37	1	0	37	0.0151515	66	0.503817	FALSE	NA	NA	NA	NA	NA	NA
MN908947.3	24018	A	G	61	40	37	1	1	37	0.016129	62	0.504065	FALSE	NA	NA	NA	NA	NA	NA
MN908947.3	24049	A	T	75	49	38	2	0	37	0.025974	77	0.251634	FALSE	NA	NA	NA	NA	NA	NA
MN908947.3	24130	C	A	46	26	37	12	7	40	0.206897	58	0.000144619	TRUE	NA	NA	NA	NA	NA	NA
MN908947.3	24161	G	A	49	26	37	2	0	37	0.0392157	51	0.252475	FALSE	NA	NA	NA	NA	NA	NA
MN908947.3	24164	G	-A	51	25	37	1	0	20	0.0196078	51	0.509804	FALSE	NA	NA	NA	NA	NA	NA
MN908947.3	24166	A	G	51	25	37	1	0	37	0.0192308	52	0.504854	FALSE	NA	NA	NA	NA	NA	NA
MN908947.3	24193	G	T	52	31	39	1	1	37	0.0188679	53	0.504762	FALSE	NA	NA	NA	NA	NA	NA
MN908947.3	24238	T	-G	73	53	40	1	0	20	0.0136986	73	0.506849	FALSE	NA	NA	NA	NA	NA	NA
MN908947.3	24245	C	T	75	52	39	1	0	37	0.0131579	76	0.503311	FALSE	NA	NA	NA	NA	NA	NA
MN908947.3	24249	T	C	66	45	39	1	1	37	0.0149254	67	0.503759	FALSE	NA	NA	NA	NA	NA	NA
MN908947.3	24316	G	A	31	18	40	1	1	37	0.03125	32	0.507937	FALSE	NA	NA	NA	NA	NA	NA
MN908947.3	24361	A	T	23	15	40	1	0	37	0.0416667	24	0.510638	FALSE	NA	NA	NA	NA	NA	NA
MN908947.3	24410	G	A	6	4	37	17	12	37	0.73913	23	9.15147e-08	TRUE	NA	NA	NA	NA	NA	NA
MN908947.3	24424	A	T	28	14	38	7	4	37	0.2	35	0.00623277	TRUE	NA	NA	NA	NA	NA	NA
MN908947.3	24469	T	A	26	9	39	3	1	49	0.103448	29	0.12488	FALSE	NA	NA	NA	NA	NA	NA
MN908947.3	24476	G	T	33	12	40	1	0	37	0.0294118	34	0.507463	FALSE	NA	NA	NA	NA	NA	NA
MN908947.3	24503	C	T	31	16	36	4	2	37	0.114286	35	0.0605667	FALSE	NA	NA	NA	NA	NA	NA
MN908947.3	24510	G	A	31	16	37	1	0	37	0.03125	32	0.507937	FALSE	NA	NA	NA	NA	NA	NA
MN908947.3	24527	G	T	36	17	38	1	1	37	0.027027	37	0.506849	FALSE	NA	NA	NA	NA	NA	NA
MN908947.3	24587	A	-C	59	26	37	2	0	20	0.0338983	59	0.260647	FALSE	NA	NA	NA	NA	NA	NA
MN908947.3	24602	A	T	61	29	38	3	0	37	0.046875	64	0.124976	FALSE	NA	NA	NA	NA	NA	NA
MN908947.3	24608	G	A	70	28	38	1	1	37	0.0140845	71	0.503546	FALSE	NA	NA	NA	NA	NA	NA
MN908947.3	24638	G	A	50	19	38	1	0	37	0.0196078	51	0.50495	FALSE	NA	NA	NA	NA	NA	NA
MN908947.3	24640	T	-A	51	20	39	1	0	20	0.0196078	51	0.509804	FALSE	NA	NA	NA	NA	NA	NA
MN908947.3	24647	A	T	57	22	38	1	0	37	0.0172414	58	0.504348	FALSE	NA	NA	NA	NA	NA	NA
MN908947.3	24650	T	C	57	19	38	1	1	37	0.0172414	58	0.504348	FALSE	NA	NA	NA	NA	NA	NA
MN908947.3	24672	C	-A	77	32	39	1	0	20	0.012987	77	0.506494	FALSE	NA	NA	NA	NA	NA	NA
MN908947.3	24684	A	-T	77	41	41	1	0	20	0.012987	77	0.506494	FALSE	NA	NA	NA	NA	NA	NA
MN908947.3	24774	A	-AG	57	26	38	1	0	20	0.0175439	57	0.508772	FALSE	NA	NA	NA	NA	NA	NA
MN908947.3	24779	A	G	61	28	38	4	0	37	0.0615385	65	0.0614967	FALSE	NA	NA	NA	NA	NA	NA
MN908947.3	24786	T	A	60	25	38	3	0	37	0.047619	63	0.124976	FALSE	NA	NA	NA	NA	NA	NA
MN908947.3	24795	C	T	60	25	37	1	0	37	0.0163934	61	0.504132	FALSE	NA	NA	NA	NA	NA	NA
MN908947.3	24803	A	C	67	35	37	1	1	37	0.0147059	68	0.503704	FALSE	NA	NA	NA	NA	NA	NA
MN908947.3	24864	A	C	79	44	38	1	1	25	0.0125	80	0.503145	FALSE	NA	NA	NA	NA	NA	NA
MN908947.3	24903	T	C	62	36	38	1	0	37	0.015873	63	0.504	FALSE	NA	NA	NA	NA	NA	NA
MN908947.3	24921	C	G	62	29	38	1	0	37	0.015873	63	0.504	FALSE	NA	NA	NA	NA	NA	NA
MN908947.3	24929	T	C	64	34	39	1	0	37	0.0153846	65	0.503876	FALSE	NA	NA	NA	NA	NA	NA
MN908947.3	24955	A	C	64	44	37	1	1	25	0.0153846	65	0.503876	FALSE	NA	NA	NA	NA	NA	NA
MN908947.3	24966	A	T	64	38	37	5	0	37	0.0714286	70	0.0289943	FALSE	NA	NA	NA	NA	NA	NA
MN908947.3	24966	A	C	64	38	37	1	1	37	0.0142857	70	0.485075	FALSE	NA	NA	NA	NA	NA	NA
MN908947.3	25000	C	T	54	37	38	6	3	37	0.1	60	0.0144272	FALSE	NA	NA	NA	NA	NA	NA
MN908947.3	25006	C	T	46	27	39	1	1	37	0.0212766	47	0.505376	FALSE	NA	NA	NA	NA	NA	NA
MN908947.3	25042	A	T	52	38	38	1	1	25	0.0188679	53	0.504762	FALSE	NA	NA	NA	NA	NA	NA
MN908947.3	25141	A	G	53	29	39	1	0	37	0.0185185	54	0.504673	FALSE	NA	NA	NA	NA	NA	NA
MN908947.3	25190	A	T	101	43	38	1	1	37	0.00980392	102	0.502463	FALSE	NA	NA	NA	NA	NA	NA
MN908947.3	25194	A	C	95	38	38	1	1	25	0.0104167	96	0.502618	FALSE	NA	NA	NA	NA	NA	NA
MN908947.3	25195	A	T	91	33	38	1	1	37	0.0108696	92	0.502732	FALSE	NA	NA	NA	NA	NA	NA
MN908947.3	25218	G	A	99	38	39	1	0	37	0.01	100	0.502513	FALSE	NA	NA	NA	NA	NA	NA
MN908947.3	25293	T	A	72	37	37	3	0	37	0.04	75	0.124983	FALSE	NA	NA	NA	NA	NA	NA
MN908947.3	25340	G	T	68	38	37	1	0	37	0.0142857	70	0.5	FALSE	NA	NA	NA	NA	NA	NA
MN908947.3	25340	G	A	68	38	37	1	0	37	0.0142857	70	0.5	FALSE	NA	NA	NA	NA	NA	NA
MN908947.3	25351	A	C	67	33	37	1	0	37	0.0147059	68	0.503704	FALSE	NA	NA	NA	NA	NA	NA
MN908947.3	25408	A	T	99	59	41	2	0	37	0.019802	101	0.251244	FALSE	NA	NA	NA	NA	NA	NA
MN908947.3	25408	A	-G	99	59	41	1	0	20	0.00990099	101	0.751256	FALSE	NA	NA	NA	NA	NA	NA
MN908947.3	25416	C	T	95	60	40	2	1	37	0.0206186	97	0.251295	FALSE	NA	NA	NA	NA	NA	NA
MN908947.3	25438	A	G	90	64	39	1	0	37	0.010989	91	0.502762	FALSE	NA	NA	NA	NA	NA	NA
MN908947.3	25439	A	G	93	65	38	1	0	25	0.0106383	94	0.502674	FALSE	NA	NA	NA	NA	NA	NA
MN908947.3	25469	C	T	13	6	37	72	55	38	0.847059	85	1.01937e-34	TRUE	NA	NA	NA	NA	NA	NA
MN908947.3	25568	C	T	10	7	40	66	29	37	0.868421	76	1.69666e-32	TRUE	NA	NA	NA	NA	NA	NA
MN908947.3	25578	C	A	77	35	37	1	1	37	0.0128205	78	0.503226	FALSE	NA	NA	NA	NA	NA	NA
MN908947.3	25584	C	T	65	31	37	10	6	40	0.133333	75	0.000759384	TRUE	NA	NA	NA	NA	NA	NA
MN908947.3	25620	T	A	81	30	38	1	0	37	0.0121951	82	0.503067	FALSE	NA	NA	NA	NA	NA	NA
MN908947.3	25646	T	C	89	41	39	1	0	37	0.0111111	90	0.502793	FALSE	NA	NA	NA	NA	NA	NA
MN908947.3	25650	G	T	86	43	39	1	1	37	0.0114943	87	0.50289	FALSE	NA	NA	NA	NA	NA	NA
MN908947.3	25665	C	T	85	43	40	1	1	37	0.0116279	86	0.502924	FALSE	NA	NA	NA	NA	NA	NA
MN908947.3	25668	A	T	82	41	40	1	1	37	0.0120482	83	0.50303	FALSE	NA	NA	NA	NA	NA	NA
MN908947.3	25680	C	T	82	52	40	1	0	37	0.0120482	83	0.50303	FALSE	NA	NA	NA	NA	NA	NA
MN908947.3	25686	T	C	64	50	38	1	0	37	0.0153846	65	0.503876	FALSE	NA	NA	NA	NA	NA	NA
MN908947.3	25699	G	A	68	56	37	1	1	37	0.0144928	69	0.50365	FALSE	NA	NA	NA	NA	NA	NA
MN908947.3	25728	C	T	70	62	39	1	0	37	0.0140845	71	0.503546	FALSE	NA	NA	NA	NA	NA	NA
MN908947.3	25746	A	T	66	55	37	1	1	37	0.0149254	67	0.503759	FALSE	NA	NA	NA	NA	NA	NA
MN908947.3	25748	A	C	66	55	37	1	1	37	0.0149254	67	0.503759	FALSE	NA	NA	NA	NA	NA	NA
MN908947.3	25878	T	+C	45	22	37	2	0	20	0.0444444	45	0.26398	FALSE	NA	NA	NA	NA	NA	NA
MN908947.3	25903	T	-C	44	16	37	1	0	20	0.0227273	44	0.511364	FALSE	NA	NA	NA	NA	NA	NA
MN908947.3	25916	C	T	57	15	36	1	0	37	0.0172414	58	0.504348	FALSE	NA	NA	NA	NA	NA	NA
MN908947.3	25953	T	C	58	20	36	1	0	74	0.0169492	59	0.504274	FALSE	NA	NA	NA	NA	NA	NA
MN908947.3	26057	A	C	106	27	37	17	0	37	0.138211	123	4.52907e-06	TRUE	NA	NA	NA	NA	NA	NA
MN908947.3	26108	A	T	90	30	38	1	1	37	0.010989	91	0.502762	FALSE	NA	NA	NA	NA	NA	NA
MN908947.3	26109	G	A	93	31	37	1	0	37	0.0106383	94	0.502674	FALSE	NA	NA	NA	NA	NA	NA
MN908947.3	26194	A	T	92	56	38	12	1	40	0.115385	104	0.000185138	TRUE	NA	NA	NA	NA	NA	NA
MN908947.3	26270	C	T	69	47	39	20	17	37	0.224719	89	3.2303e-07	TRUE	NA	NA	NA	NA	NA	NA
MN908947.3	26276	C	T	86	69	38	1	0	37	0.0114943	87	0.50289	FALSE	NA	NA	NA	NA	NA	NA
MN908947.3	26281	A	-TAGT	106	89	37	1	0	20	0.00943396	106	0.755879	FALSE	NA	NA	NA	NA	NA	NA
MN908947.3	26283	A	-GTT	102	86	38	1	0	20	0.00970874	103	0.753659	FALSE	NA	NA	NA	NA	NA	NA
MN908947.3	26427	T	C	33	27	39	5	0	37	0.131579	38	0.0290823	FALSE	NA	NA	NA	NA	NA	NA
MN908947.3	26433	A	C	32	26	39	8	0	37	0.2	40	0.00294781	TRUE	NA	NA	NA	NA	NA	NA
MN908947.3	26505	G	A	15	14	37	4	0	37	0.210526	19	0.0586873	FALSE	NA	NA	NA	NA	NA	NA
MN908947.3	26530	A	G	21	16	38	3	1	49	0.125	24	0.124823	FALSE	NA	NA	NA	NA	NA	NA
MN908947.3	26542	C	A	28	19	39	3	0	37	0.0967742	31	0.124896	FALSE	NA	NA	NA	NA	NA	NA
MN908947.3	26545	T	G	28	18	39	3	0	37	0.0967742	31	0.124896	FALSE	NA	NA	NA	NA	NA	NA
MN908947.3	26554	A	G	28	14	38	3	0	37	0.0967742	31	0.124896	FALSE	NA	NA	NA	NA	NA	NA
MN908947.3	26562	A	T	33	13	39	1	0	37	0.0285714	35	0.5	FALSE	NA	NA	NA	NA	NA	NA
MN908947.3	26562	A	G	33	13	39	1	0	37	0.0285714	35	0.5	FALSE	NA	NA	NA	NA	NA	NA
MN908947.3	26571	C	T	47	15	38	1	0	37	0.0208333	48	0.505263	FALSE	NA	NA	NA	NA	NA	NA
MN908947.3	26574	G	C	50	15	38	1	0	37	0.0196078	51	0.50495	FALSE	NA	NA	NA	NA	NA	NA
MN908947.3	26577	C	G	44	13	36	12	3	37	0.214286	56	0.00014159	TRUE	NA	NA	NA	NA	NA	NA
MN908947.3	26589	G	T	76	16	37	2	0	37	0.025641	78	0.251613	FALSE	NA	NA	NA	NA	NA	NA
MN908947.3	26592	A	C	77	16	37	2	0	37	0.0253165	79	0.251592	FALSE	NA	NA	NA	NA	NA	NA
MN908947.3	26703	A	G	56	28	37	1	1	37	0.0175439	57	0.504425	FALSE	NA	NA	NA	NA	NA	NA
MN908947.3	26709	G	A	41	19	37	18	12	35	0.305085	59	9.74574e-07	TRUE	NA	NA	NA	NA	NA	NA
MN908947.3	26740	T	A	51	31	36	1	0	37	0.0192308	52	0.504854	FALSE	NA	NA	NA	NA	NA	NA
MN908947.3	26767	T	C	13	6	38	37	20	38	0.74	50	1.64698e-16	TRUE	NA	NA	NA	NA	NA	NA
MN908947.3	26850	T	C	77	56	39	1	0	37	0.0128205	78	0.503226	FALSE	NA	NA	NA	NA	NA	NA
MN908947.3	26873	C	T	66	48	37	1	1	37	0.0149254	67	0.503759	FALSE	NA	NA	NA	NA	NA	NA
MN908947.3	26959	G	C	71	39	39	1	1	37	0.0138889	72	0.503497	FALSE	NA	NA	NA	NA	NA	NA
MN908947.3	26986	A	T	56	36	37	2	0	37	0.0344828	58	0.252174	FALSE	NA	NA	NA	NA	NA	NA
MN908947.3	26992	G	A	57	33	36	5	0	37	0.0806452	62	0.0299484	FALSE	NA	NA	NA	NA	NA	NA
MN908947.3	27005	C	T	60	16	36	1	1	37	0.0163934	61	0.504132	FALSE	NA	NA	NA	NA	NA	NA
MN908947.3	27040	C	A	72	23	40	1	0	37	0.0136986	73	0.503448	FALSE	NA	NA	NA	NA	NA	NA
MN908947.3	27145	C	A	71	34	38	1	0	37	0.0138889	72	0.503497	FALSE	NA	NA	NA	NA	NA	NA
MN908947.3	27259	A	C	57	36	38	4	4	37	0.0655738	61	0.0614279	FALSE	NA	NA	NA	NA	NA	NA
MN908947.3	27296	T	G	54	41	37	1	0	25	0.0181818	55	0.504587	FALSE	NA	NA	NA	NA	NA	NA
MN908947.3	27344	A	T	71	26	37	4	0	37	0.0533333	75	0.0616354	FALSE	NA	NA	NA	NA	NA	NA
MN908947.3	27345	A	T	72	26	36	4	1	46	0.0526316	76	0.0616472	FALSE	NA	NA	NA	NA	NA	NA
MN908947.3	27354	A	G	71	25	37	6	1	41	0.0779221	77	0.0146961	FALSE	NA	NA	NA	NA	NA	NA
MN908947.3	27361	G	A	93	29	37	1	0	37	0.0106383	94	0.502674	FALSE	NA	NA	NA	NA	NA	NA
MN908947.3	27393	C	T	88	33	39	1	0	37	0.011236	89	0.502825	FALSE	NA	NA	NA	NA	NA	NA
MN908947.3	27399	A	G	92	38	40	1	0	22	0.0107527	93	0.502703	FALSE	NA	NA	NA	NA	NA	NA
MN908947.3	27403	A	T	87	43	40	1	0	37	0.0113636	88	0.502857	FALSE	NA	NA	NA	NA	NA	NA
MN908947.3	27407	T	C	94	50	41	1	1	37	0.0105263	95	0.502646	FALSE	NA	NA	NA	NA	NA	NA
MN908947.3	27417	A	G	93	53	39	1	0	37	0.0106383	94	0.502674	FALSE	NA	NA	NA	NA	NA	NA
MN908947.3	27433	A	C	79	49	37	1	1	25	0.0125	80	0.503145	FALSE	NA	NA	NA	NA	NA	NA
MN908947.3	27450	C	G	77	54	37	4	0	46	0.0493827	81	0.0617016	FALSE	NA	NA	NA	NA	NA	NA
MN908947.3	27452	A	G	77	53	37	15	0	41	0.163043	92	1.78699e-05	TRUE	NA	NA	NA	NA	NA	NA
MN908947.3	27522	T	C	132	44	38	1	1	37	0.0075188	133	0.501887	FALSE	NA	NA	NA	NA	NA	NA
MN908947.3	27552	A	T	96	64	37	1	1	37	0.0103093	97	0.502591	FALSE	NA	NA	NA	NA	NA	NA
MN908947.3	27552	A	-T	96	64	37	1	0	20	0.0103093	97	0.502591	FALSE	NA	NA	NA	NA	NA	NA
MN908947.3	27585	T	C	93	81	37	1	1	37	0.0106383	94	0.502674	FALSE	NA	NA	NA	NA	NA	NA
MN908947.3	27595	C	A	73	68	37	1	1	37	0.0135135	74	0.503401	FALSE	NA	NA	NA	NA	NA	NA
MN908947.3	27604	G	A	17	16	37	29	27	37	0.630435	46	3.60098e-12	TRUE	NA	NA	NA	NA	NA	NA
MN908947.3	27606	A	-AAACACGTCTATCAGTT	47	44	36	26	0	20	0.553191	47	3.58663e-07	TRUE	NA	NA	NA	NA	NA	NA
MN908947.3	27638	T	C	16	12	37	48	37	36	0.75	64	1.80088e-21	TRUE	NA	NA	NA	NA	NA	NA
MN908947.3	27654	C	T	77	51	37	1	1	37	0.0128205	78	0.503226	FALSE	NA	NA	NA	NA	NA	NA
MN908947.3	27665	A	C	112	54	38	3	0	37	0.026087	115	0.124993	FALSE	NA	NA	NA	NA	NA	NA
MN908947.3	27669	A	T	108	50	38	1	0	37	0.00917431	109	0.502304	FALSE	NA	NA	NA	NA	NA	NA
MN908947.3	27689	C	T	98	43	38	1	0	37	0.010101	99	0.502538	FALSE	NA	NA	NA	NA	NA	NA
MN908947.3	27729	T	C	83	31	38	1	1	37	0.0119048	84	0.502994	FALSE	NA	NA	NA	NA	NA	NA
MN908947.3	27739	C	T	53	34	37	1	0	37	0.0185185	54	0.504673	FALSE	NA	NA	NA	NA	NA	NA
MN908947.3	27750	G	A	56	32	37	13	0	37	0.188406	69	7.23129e-05	TRUE	NA	NA	NA	NA	NA	NA
MN908947.3	27752	C	T	10	4	35	60	29	37	0.857143	70	3.07113e-29	TRUE	NA	NA	NA	NA	NA	NA
MN908947.3	27787	T	C	83	45	39	1	0	37	0.0119048	84	0.502994	FALSE	NA	NA	NA	NA	NA	NA
MN908947.3	27807	C	T	62	40	39	16	9	39	0.205128	78	7.22501e-06	TRUE	NA	NA	NA	NA	NA	NA
MN908947.3	27814	T	C	68	43	39	1	0	37	0.0144928	69	0.50365	FALSE	NA	NA	NA	NA	NA	NA
MN908947.3	27864	C	A	50	36	36	1	0	74	0.0196078	51	0.50495	FALSE	NA	NA	NA	NA	NA	NA
MN908947.3	27870	G	T	47	31	37	2	0	31	0.0408163	49	0.252577	FALSE	NA	NA	NA	NA	NA	NA
MN908947.3	27874	C	T	8	6	35	42	25	37	0.84	50	3.27563e-20	TRUE	NA	NA	NA	NA	NA	NA
MN908947.3	27945	C	A	114	63	40	1	1	37	0.00869565	115	0.502183	FALSE	NA	NA	NA	NA	NA	NA
MN908947.3	27964	C	T	144	81	38	1	0	37	0.00689655	145	0.50173	FALSE	NA	NA	NA	NA	NA	NA
MN908947.3	27990	G	-T	148	63	38	1	0	20	0.00675676	148	0.754214	FALSE	NA	NA	NA	NA	NA	NA
MN908947.3	27991	T	G	147	63	38	1	0	37	0.00675676	148	0.5	FALSE	NA	NA	NA	NA	NA	NA
MN908947.3	27997	A	T	139	61	38	2	0	37	0.0141844	141	0.25089	FALSE	NA	NA	NA	NA	NA	NA
MN908947.3	28038	G	A	106	47	38	1	0	37	0.00934579	107	0.502347	FALSE	NA	NA	NA	NA	NA	NA
MN908947.3	28042	G	A	111	52	38	1	0	37	0.00892857	112	0.502242	FALSE	NA	NA	NA	NA	NA	NA
MN908947.3	28076	C	-G	86	54	37	1	0	20	0.0116279	86	0.505814	FALSE	NA	NA	NA	NA	NA	NA
MN908947.3	28121	C	A	120	64	38	1	1	37	0.00826446	121	0.502075	FALSE	NA	NA	NA	NA	NA	NA
MN908947.3	28160	T	C	105	70	37	2	2	37	0.0186916	107	0.251174	FALSE	NA	NA	NA	NA	NA	NA
MN908947.3	28179	G	T	114	84	37	1	0	37	0.00869565	115	0.502183	FALSE	NA	NA	NA	NA	NA	NA
MN908947.3	28219	T	C	111	77	37	1	1	37	0.00892857	112	0.502242	FALSE	NA	NA	NA	NA	NA	NA
MN908947.3	28225	A	-T	118	74	36	1	0	20	0.00847458	118	0.755283	FALSE	NA	NA	NA	NA	NA	NA
MN908947.3	28233	G	C	109	66	37	1	1	37	0.00909091	110	0.502283	FALSE	NA	NA	NA	NA	NA	NA
MN908947.3	28247	A	-GATTTC	90	54	37	66	0	20	0.733333	90	1.62848e-16	TRUE	NA	NA	NA	NA	NA	NA
MN908947.3	28248	G	A	11	8	35	1	0	37	0.0833333	12	0.131868	FALSE	NA	NA	NA	NA	NA	NA
MN908947.3	28249	A	T	12	10	37	1	0	37	0.0769231	13	0.139785	FALSE	NA	NA	NA	NA	NA	NA
MN908947.3	28253	C	A	10	8	37	5	3	37	0.333333	15	4.65971e-05	TRUE	NA	NA	NA	NA	NA	NA
MN908947.3	28254	A	C	88	52	37	1	0	37	0.011236	89	0.502825	FALSE	NA	NA	NA	NA	NA	NA
MN908947.3	28268	A	C	106	55	37	1	0	37	0.00934579	107	0.502347	FALSE	NA	NA	NA	NA	NA	NA
MN908947.3	28270	T	-A	108	55	37	86	0	20	0.796296	108	2.21321e-19	TRUE	NA	NA	NA	NA	NA	NA
MN908947.3	28271	A	T	10	8	37	9	8	37	0.473684	19	7.01987e-09	TRUE	NA	NA	NA	NA	NA	NA
MN908947.3	28275	T	A	103	46	37	1	0	37	0.00961538	104	0.502415	FALSE	NA	NA	NA	NA	NA	NA
MN908947.3	28284	A	C	115	48	37	2	0	37	0.017094	117	0.251073	FALSE	NA	NA	NA	NA	NA	NA
MN908947.3	28298	C	A	130	52	38	1	0	37	0.00763359	131	0.501916	FALSE	NA	NA	NA	NA	NA	NA
MN908947.3	28311	C	T	125	47	38	14	6	37	0.100719	139	4.55554e-05	TRUE	NA	NA	NA	NA	NA	NA
MN908947.3	28316	A	T	147	60	38	1	0	37	0.00675676	148	0.501695	FALSE	NA	NA	NA	NA	NA	NA
MN908947.3	28320	C	T	156	64	37	1	0	37	0.00636943	157	0.501597	FALSE	NA	NA	NA	NA	NA	NA
MN908947.3	28327	T	G	152	57	37	1	0	37	0.00653595	153	0.501639	FALSE	NA	NA	NA	NA	NA	NA
MN908947.3	28345	T	-G	154	65	37	1	0	20	0.00649351	154	0.754051	FALSE	NA	NA	NA	NA	NA	NA
MN908947.3	28349	A	G	183	86	39	1	0	37	0.00543478	184	0.501362	FALSE	NA	NA	NA	NA	NA	NA
MN908947.3	28361	G	-GAGAACGCA	207	92	39	12	0	20	0.057971	207	0.0079463	TRUE	NA	NA	NA	NA	NA	NA
MN908947.3	28402	A	C	232	95	38	4	0	37	0.0169492	236	0.0622321	FALSE	NA	NA	NA	NA	NA	NA
MN908947.3	28415	A	T	259	90	39	1	0	37	0.00384615	260	0.500963	FALSE	NA	NA	NA	NA	NA	NA
MN908947.3	28426	T	G	211	60	38	1	0	37	0.00471698	212	0.501182	FALSE	NA	NA	NA	NA	NA	NA
MN908947.3	28434	C	T	205	80	38	1	0	37	0.00485437	206	0.501217	FALSE	NA	NA	NA	NA	NA	NA
MN908947.3	28436	G	T	204	79	39	1	0	37	0.00487805	205	0.501222	FALSE	NA	NA	NA	NA	NA	NA
MN908947.3	28438	T	-CTCA	201	78	38	1	0	20	0.00497512	201	0.877787	FALSE	NA	NA	NA	NA	NA	NA
MN908947.3	28451	G	T	199	74	38	1	1	37	0.00497512	201	0.5	FALSE	NA	NA	NA	NA	NA	NA
MN908947.3	28451	G	A	199	74	38	1	0	37	0.00497512	201	0.5	FALSE	NA	NA	NA	NA	NA	NA
MN908947.3	28454	A	G	195	73	38	1	1	37	0.00510204	196	0.501279	FALSE	NA	NA	NA	NA	NA	NA
MN908947.3	28461	A	G	20	7	40	168	66	38	0.893617	188	1.05004e-84	TRUE	NA	NA	NA	NA	NA	NA
MN908947.3	28470	T	C	175	82	38	1	0	37	0.00568182	176	0.501425	FALSE	NA	NA	NA	NA	NA	NA
MN908947.3	28475	C	T	175	82	38	1	0	37	0.00568182	176	0.501425	FALSE	NA	NA	NA	NA	NA	NA
MN908947.3	28487	G	C	162	78	37	9	0	37	0.0526316	171	0.00180064	TRUE	NA	NA	NA	NA	NA	NA
MN908947.3	28534	C	T	221	78	38	1	0	37	0.0045045	222	0.501129	FALSE	NA	NA	NA	NA	NA	NA
MN908947.3	28544	A	G	229	90	39	2	2	37	0.00865801	231	0.250542	FALSE	NA	NA	NA	NA	NA	NA
MN908947.3	28612	A	G	299	240	37	1	0	37	0.00333333	300	0.500835	FALSE	NA	NA	NA	NA	NA	NA
MN908947.3	28620	G	A	293	222	37	1	1	37	0.00340136	294	0.500852	FALSE	NA	NA	NA	NA	NA	NA
MN908947.3	28641	A	+T	340	231	37	1	0	20	0.00294118	340	0.938781	FALSE	NA	NA	NA	NA	NA	NA
MN908947.3	28646	G	A	331	200	38	1	0	74	0.00301205	332	0.500754	FALSE	NA	NA	NA	NA	NA	NA
MN908947.3	28647	C	T	315	200	38	15	0	35	0.0454545	330	2.6539e-05	TRUE	NA	NA	NA	NA	NA	NA
MN908947.3	28657	C	T	354	211	39	1	1	37	0.0028169	355	0.500705	FALSE	NA	NA	NA	NA	NA	NA
MN908947.3	28662	T	C	359	227	38	1	0	74	0.00277778	360	0.500695	FALSE	NA	NA	NA	NA	NA	NA
MN908947.3	28667	T	G	376	233	39	4	0	46	0.0105263	380	0.0623343	FALSE	NA	NA	NA	NA	NA	NA
MN908947.3	28702	A	C	299	164	38	3	0	37	0.00993377	302	0.124999	FALSE	NA	NA	NA	NA	NA	NA
MN908947.3	28719	G	T	263	136	37	2	0	37	0.00754717	265	0.250473	FALSE	NA	NA	NA	NA	NA	NA
MN908947.3	28747	G	T	239	141	38	1	0	37	0.00416667	240	0.501044	FALSE	NA	NA	NA	NA	NA	NA
MN908947.3	28762	A	G	237	133	38	1	0	37	0.00420168	238	0.501053	FALSE	NA	NA	NA	NA	NA	NA
MN908947.3	28765	A	C	242	142	39	6	1	37	0.0241935	248	0.01534	FALSE	NA	NA	NA	NA	NA	NA
MN908947.3	28775	C	T	238	139	38	1	0	37	0.0041841	239	0.501048	FALSE	NA	NA	NA	NA	NA	NA
MN908947.3	28792	A	G	261	152	38	1	1	37	0.00381679	262	0.500956	FALSE	NA	NA	NA	NA	NA	NA
MN908947.3	28823	T	G	301	157	39	4	0	37	0.0131148	305	0.0622932	FALSE	NA	NA	NA	NA	NA	NA
MN908947.3	28826	C	T	313	161	39	1	0	37	0.00318471	314	0.500797	FALSE	NA	NA	NA	NA	NA	NA
MN908947.3	28832	T	G	309	157	39	1	0	37	0.00322581	310	0.500808	FALSE	NA	NA	NA	NA	NA	NA
MN908947.3	28857	G	A	282	143	39	1	1	37	0.00353357	283	0.500885	FALSE	NA	NA	NA	NA	NA	NA
MN908947.3	28881	G	T	0	0	0	212	127	37	0.950673	223	6.60633e-130	TRUE	NA	NA	NA	NA	NA	NA
MN908947.3	28881	G	A	0	0	0	11	5	37	0.0493274	223	4.6167e-19	TRUE	NA	NA	NA	NA	NA	NA
MN908947.3	28882	G	A	207	122	37	10	4	37	0.0460829	217	0.000899046	TRUE	NA	NA	NA	NA	NA	NA
MN908947.3	28883	G	C	204	122	37	11	5	37	0.0511628	215	0.00043952	TRUE	NA	NA	NA	NA	NA	NA
MN908947.3	28898	A	G	212	109	38	1	0	37	0.00469484	213	0.501176	FALSE	NA	NA	NA	NA	NA	NA
MN908947.3	28914	G	T	240	110	38	1	0	37	0.00414938	241	0.50104	FALSE	NA	NA	NA	NA	NA	NA
MN908947.3	28916	G	T	29	12	39	200	100	37	0.873362	229	1.22065e-98	TRUE	NA	NA	NA	NA	NA	NA
MN908947.3	28944	T	C	259	151	38	3	0	37	0.0114504	262	0.124999	FALSE	NA	NA	NA	NA	NA	NA
MN908947.3	28957	C	T	232	141	37	1	1	37	0.00429185	233	0.501075	FALSE	NA	NA	NA	NA	NA	NA
MN908947.3	28959	A	T	221	131	37	1	1	37	0.0045045	222	0.501129	FALSE	NA	NA	NA	NA	NA	NA
MN908947.3	28969	C	-AA	229	147	38	1	0	20	0.00436681	229	0.877447	FALSE	NA	NA	NA	NA	NA	NA
MN908947.3	28987	C	-CAA	238	162	37	1	0	20	0.00420168	238	0.877355	FALSE	NA	NA	NA	NA	NA	NA
MN908947.3	28993	A	C	242	154	37	1	1	25	0.00411523	243	0.876545	FALSE	NA	NA	NA	NA	NA	NA
MN908947.3	29016	A	-G	272	155	38	1	0	20	0.00367647	272	0.877062	FALSE	NA	NA	NA	NA	NA	NA
MN908947.3	29039	A	T	271	157	37	3	0	37	0.0109091	275	0.124314	FALSE	NA	NA	NA	NA	NA	NA
MN908947.3	29039	A	G	271	157	37	1	1	37	0.00363636	275	0.498168	FALSE	NA	NA	NA	NA	NA	NA
MN908947.3	29045	C	A	271	159	38	1	0	37	0.00367647	272	0.500921	FALSE	NA	NA	NA	NA	NA	NA
MN908947.3	29049	G	A	250	148	38	10	0	37	0.0384615	260	0.000911693	TRUE	NA	NA	NA	NA	NA	NA
MN908947.3	29051	C	+A	265	150	39	5	0	20	0.0188679	265	0.234353	FALSE	NA	NA	NA	NA	NA	NA
MN908947.3	29053	A	G	264	149	37	1	0	37	0.00377358	265	0.500945	FALSE	NA	NA	NA	NA	NA	NA
MN908947.3	29058	G	A	265	151	39	1	1	37	0.0037594	266	0.500942	FALSE	NA	NA	NA	NA	NA	NA
MN908947.3	29071	A	G	255	156	37	1	1	37	0.00390625	256	0.500978	FALSE	NA	NA	NA	NA	NA	NA
MN908947.3	29076	A	T	251	169	37	1	1	37	0.00396825	252	0.500994	FALSE	NA	NA	NA	NA	NA	NA
MN908947.3	29082	T	C	265	153	37	1	1	74	0.0037594	266	0.500942	FALSE	NA	NA	NA	NA	NA	NA
MN908947.3	29089	A	G	239	129	38	1	1	37	0.00416667	240	0.501044	FALSE	NA	NA	NA	NA	NA	NA
MN908947.3	29095	C	A	246	136	39	3	0	49	0.0120482	249	0.124998	FALSE	NA	NA	NA	NA	NA	NA
MN908947.3	29106	G	A	300	153	39	1	0	37	0.00332226	301	0.500832	FALSE	NA	NA	NA	NA	NA	NA
MN908947.3	29119	C	A	272	121	39	1	0	37	0.003663	273	0.500917	FALSE	NA	NA	NA	NA	NA	NA
MN908947.3	29123	G	A	257	110	39	1	1	37	0.00387597	258	0.500971	FALSE	NA	NA	NA	NA	NA	NA
MN908947.3	29130	T	C	255	115	39	1	1	37	0.00390625	256	0.500978	FALSE	NA	NA	NA	NA	NA	NA
MN908947.3	29135	G	T	273	117	39	1	1	62	0.00364964	274	0.500914	FALSE	NA	NA	NA	NA	NA	NA
MN908947.3	29140	G	C	268	109	39	10	1	37	0.0359712	278	0.00091584	TRUE	NA	NA	NA	NA	NA	NA
MN908947.3	29154	A	C	231	95	39	1	1	37	0.00431034	232	0.50108	FALSE	NA	NA	NA	NA	NA	NA
MN908947.3	29172	A	C	227	69	38	1	1	37	0.00438596	228	0.501099	FALSE	NA	NA	NA	NA	NA	NA
MN908947.3	29183	A	T	198	84	38	1	0	37	0.00502513	199	0.501259	FALSE	NA	NA	NA	NA	NA	NA
MN908947.3	29191	A	G	201	87	38	1	0	37	0.0049505	202	0.501241	FALSE	NA	NA	NA	NA	NA	NA
MN908947.3	29196	C	G	210	93	40	1	0	37	0.00473934	211	0.501188	FALSE	NA	NA	NA	NA	NA	NA
MN908947.3	29228	C	T	253	164	39	1	0	37	0.00393701	254	0.500986	FALSE	NA	NA	NA	NA	NA	NA
MN908947.3	29246	A	C	258	168	39	1	0	37	0.003861	259	0.500967	FALSE	NA	NA	NA	NA	NA	NA
MN908947.3	29253	C	T	244	151	39	1	1	37	0.00408163	245	0.501022	FALSE	NA	NA	NA	NA	NA	NA
MN908947.3	29269	C	T	290	171	38	3	0	37	0.0102389	293	0.124999	FALSE	NA	NA	NA	NA	NA	NA
MN908947.3	29271	A	C	293	157	38	4	0	37	0.013468	297	0.0622876	FALSE	NA	NA	NA	NA	NA	NA
MN908947.3	29277	G	A	276	135	38	1	1	37	0.00361011	277	0.500904	FALSE	NA	NA	NA	NA	NA	NA
MN908947.3	29294	G	T	281	154	39	1	1	37	0.0035461	282	0.500888	FALSE	NA	NA	NA	NA	NA	NA
MN908947.3	29296	C	T	282	151	39	1	1	37	0.00353357	283	0.500885	FALSE	NA	NA	NA	NA	NA	NA
MN908947.3	29307	A	T	292	166	39	1	0	37	0.00341297	293	0.500855	FALSE	NA	NA	NA	NA	NA	NA
MN908947.3	29308	T	A	287	167	39	1	1	37	0.00347222	288	0.50087	FALSE	NA	NA	NA	NA	NA	NA
MN908947.3	29346	A	C	218	160	37	1	1	25	0.00456621	219	0.876714	FALSE	NA	NA	NA	NA	NA	NA
MN908947.3	29359	A	G	169	90	37	1	0	37	0.00588235	170	0.501475	FALSE	NA	NA	NA	NA	NA	NA
MN908947.3	29362	C	T	187	83	37	1	0	37	0.00531915	188	0.501333	FALSE	NA	NA	NA	NA	NA	NA
MN908947.3	29364	C	G	196	75	37	4	0	37	0.02	200	0.0621832	FALSE	NA	NA	NA	NA	NA	NA
MN908947.3	29365	A	G	196	74	37	2	0	37	0.010101	198	0.250633	FALSE	NA	NA	NA	NA	NA	NA
MN908947.3	29377	T	-A	191	55	37	1	0	20	0.0052356	191	0.753267	FALSE	NA	NA	NA	NA	NA	NA
MN908947.3	29394	A	G	208	58	37	1	0	37	0.00478469	209	0.501199	FALSE	NA	NA	NA	NA	NA	NA
MN908947.3	29398	G	C	208	57	37	1	0	37	0.00478469	209	0.501199	FALSE	NA	NA	NA	NA	NA	NA
MN908947.3	29402	G	T	44	9	37	157	44	38	0.781095	201	3.26681e-71	TRUE	NA	NA	NA	NA	NA	NA
MN908947.3	29415	C	A	230	51	37	1	0	25	0.004329	231	0.876625	FALSE	NA	NA	NA	NA	NA	NA
MN908947.3	29419	A	C	202	46	35	38	0	36	0.158333	240	8.05171e-13	TRUE	NA	NA	NA	NA	NA	NA
MN908947.3	29429	C	A	255	43	37	1	0	37	0.00390625	256	0.500978	FALSE	NA	NA	NA	NA	NA	NA
MN908947.3	29439	A	G	248	63	37	1	0	37	0.00401606	249	0.501006	FALSE	NA	NA	NA	NA	NA	NA
MN908947.3	29494	G	C	289	196	38	1	0	37	0.00344828	290	0.500864	FALSE	NA	NA	NA	NA	NA	NA
MN908947.3	29495	C	T	292	200	38	1	1	37	0.00341297	293	0.500855	FALSE	NA	NA	NA	NA	NA	NA
MN908947.3	29501	T	C	308	211	38	1	0	37	0.00323625	309	0.50081	FALSE	NA	NA	NA	NA	NA	NA
MN908947.3	29505	T	C	297	209	38	1	1	37	0.0033557	298	0.50084	FALSE	NA	NA	NA	NA	NA	NA
MN908947.3	29530	C	-T	276	151	37	1	0	20	0.00362319	276	0.877032	FALSE	NA	NA	NA	NA	NA	NA
MN908947.3	29541	C	G	279	142	38	7	0	37	0.0244755	286	0.00762096	TRUE	NA	NA	NA	NA	NA	NA
MN908947.3	29602	T	C	305	152	39	3	0	37	0.00974026	308	0.124999	FALSE	NA	NA	NA	NA	NA	NA
MN908947.3	29612	T	C	309	115	38	1	0	37	0.00322581	310	0.500808	FALSE	NA	NA	NA	NA	NA	NA
MN908947.3	29614	C	T	321	132	39	4	1	46	0.0123077	325	0.0623061	FALSE	NA	NA	NA	NA	NA	NA
MN908947.3	29629	T	C	287	150	38	1	0	37	0.00347222	288	0.50087	FALSE	NA	NA	NA	NA	NA	NA
MN908947.3	29643	A	T	313	168	39	1	0	25	0.00318471	314	0.938494	FALSE	NA	NA	NA	NA	NA	NA
MN908947.3	29658	A	C	284	133	39	2	0	37	0.00699301	286	0.250438	FALSE	NA	NA	NA	NA	NA	NA
MN908947.3	29660	T	C	285	134	40	1	1	37	0.0034965	286	0.500876	FALSE	NA	NA	NA	NA	NA	NA
MN908947.3	29674	G	T	48	40	37	174	105	37	0.783784	222	4.58127e-79	TRUE	NA	NA	NA	NA	NA	NA
MN908947.3	29687	A	-GT	206	148	37	1	0	20	0.00485437	206	0.87772	FALSE	NA	NA	NA	NA	NA	NA
MN908947.3	29692	G	T	255	188	37	1	0	37	0.00390625	256	0.500978	FALSE	NA	NA	NA	NA	NA	NA
MN908947.3	29742	G	T	56	47	38	218	191	38	0.79562	274	5.72035e-100	TRUE	NA	NA	NA	NA	NA	NA
MN908947.3	29772	T	A	256	220	39	1	1	25	0.00389105	257	0.876461	FALSE	NA	NA	NA	NA	NA	NA
MN908947.3	29844	A	C	100	97	38	1	1	25	0.00990099	101	0.753731	FALSE	NA	NA	NA	NA	NA	NA
